"path","size_bytes","sha256"
".editorconfig","252","f78cc5a2ef8ba61ad956d0f5db453748a981270f6a1b9f4a5a00df8690e7946d"
".env.example","2213","9d55015ec3ce64b286a9f98232607f06c0ba39b8af335ff024ecd3373f0f3ec8"
".gitattributes","186","a40eb27ee0b545ca5b5542daaf99fec51f84f23b3766a6353864ef2a115bc51c"
".github/dependabot.yml","1122","22b459d6a9f9dba2bea0dc8c5a5690e52043174d19197f557e29ee219d8bde51"
".github/workflows/ci.yml","2111","0da5edb877d9193165ed85200093d4440c601961d24da30c84ecee2040ad21f7"
".github/workflows/codeql.yml","989","410eddbdb01f49c5ddb6dcaab09a83e12af20e069ccd63309fd9ad38bc72cc9b"
".gitignore","1109","d9f05c8bf446afc8fede69b42a992dd488118e0766b47cc1d72959fcd798443c"
"AUTHORS.md","497","92d9d52379332a62b1847ce53d6110e676f4fcb5580336c2cf728ab7b7615d0e"
"CITATION.cff","663","694433bbae2bf91e3067bc433c218e58240b3e5a9307de88f1780be048ebcbb1"
"CONTRIBUTING.md","3291","4b480b51cffd258f817c38d3b9a38e69a6fc3ff9ad0120f0d7232435641cc01c"
"COPYRIGHT","237","1a7713fba063da925562bc2fa836c55fa43d81c3d694a76b83d95a550976567d"
"LICENSE","34523","0d96a4ff68ad6d4b6f1f30f713b18d5184912ba8dd389f86aa7710db079abcb0"
"NOTICE","1155","50e6ba1b7c85109193118fc2c1ed768d5c8fc669a3ce14c33666f654b65f67cd"
"README.md","12161","8e5599a9f57fdeb5b5364b31a7f589bad4cb650a1004f00b96e06b4c9344710f"
"SECURITY.md","2145","4e781cfe58dc953f1110826a41f71ec65fcaa7def34ae0c88d2d5a04eb13d86e"
"THIRD_PARTY_ASSETS.md","1865","ffd1f8214e8b5011f761a307f3009fc6a93034dd6b3b8bd224bb486afbf26ad3"
"TRADEMARKS.md","762","039e16eafbff283898fddc7aca934ccbcb6b809343b1c1c5cdb6452f1355983a"
"app/Console/Commands/CollectFootballDataSquads.php","1467","ba354b531710ae77d94504ae372111d8aa0b65c4e54399a74b0e34ee9418ac93"
"app/Console/Commands/CreateAdminUserCommand.php","2901","eed39cc0dc910ebc847a5fe228dd2c0d7b88ed8e4fea6241c381ca4a2c0cb1d7"
"app/Console/Commands/ImportFootballDataSquadsFromCache.php","1500","b89a4329374b1ae90e16943608882964ca968ea41451a3b9dea03914c0c394ba"
"app/Console/Commands/Morocco2030RetentionReportCommand.php","12080","2fba6ed65a937ade5a88b510967573e36c041fae5b8706123a7613e67e2e74d4"
"app/Console/Commands/ReconcileFootballDataMatches.php","1512","932bc1e351a1fa8085e0cb065c4748c504b3a5951970267b30f4a178aa09f7b1"
"app/Http/Controllers/Admin/AdminController.php","508","58f62f509c0845493df82e0debd9d0ce6b9496d93d1a7d244b8e330b967926b1"
"app/Http/Controllers/Admin/AuditLogController.php","5113","e42bdbe53cd242b4bf3e94a36c7dde939ff3a649185676686bcb870c05993689"
"app/Http/Controllers/Admin/Auth/AdminAuthenticatedSessionController.php","714","49cc8073e0ff6499896e31e226d7d04befbcdc89ce1c2237666e7839b33e5764"
"app/Http/Controllers/Admin/CityController.php","2591","67d11b64a90d1cfd271fd8dfd081c618361f8934478cef420f91af8084759995"
"app/Http/Controllers/Admin/ContactMessageController.php","3767","b171727acdd2463594c8ca57147f239fb86c825781747dd7271ee674d3070c36"
"app/Http/Controllers/Admin/DashboardController.php","12069","681a78248c7dd43330341f4f140b0ce4c4b284c2974ffb175c6ec16c4ae4a912"
"app/Http/Controllers/Admin/FootballDataImportController.php","8079","2c68f6cd595774fd4c33a9bd1dc6ad6c33cb5bbb7976fd852962ec27c86da050"
"app/Http/Controllers/Admin/GroupController.php","2727","420d0dc2918669d5bd5a8e5d4c8e34351a562e6075020ca101833ec1b9fc5f17"
"app/Http/Controllers/Admin/InterfaceTranslationController.php","6055","f772fc6ee3415f46fb45c4b0b5a8e324a7a80eab96065a7a72ab6ef2f5e9ff11"
"app/Http/Controllers/Admin/LanguageController.php","2174","447fa0f2af1a9a88ee8539ac053a360d1d4dedd9c1fef8049f9db5bfb2f6dad6"
"app/Http/Controllers/Admin/MatchEventController.php","4032","21e3c4bfdc4e261569d95d1fd5305052e7841f5927c13f79f3d71cefccd5c5fc"
"app/Http/Controllers/Admin/MatchFixtureController.php","9250","e6982044d58a357366f6894ed4a0161ee03585e340da3224ede505ca2fdb71ad"
"app/Http/Controllers/Admin/MatchLineupController.php","4533","9b6e691d648348708f9f848e1ecab82b5fcded276b2eb35c0b4f52e7c213e00a"
"app/Http/Controllers/Admin/MatchOperationsController.php","2775","a8ca76bbe6da3f093f4cfd52ddc0444218b1c91bf1efbb8c7406cade1f0c67b8"
"app/Http/Controllers/Admin/MatchStatisticController.php","4326","8627f5aa91857fbbaecc4eebfe32eb409713970c29523f4ba0725d61338414b5"
"app/Http/Controllers/Admin/MediaFileController.php","23684","b8b157bd71c8341f7c2624a08fc8b57f293d42c1838b883e08c8feac427b5637"
"app/Http/Controllers/Admin/MediaReadinessController.php","4926","31a55149bb4cdbf8968b1bc6cafb245a83c1bacb4bb0964f9d7fd018194523e5"
"app/Http/Controllers/Admin/MediaRelationController.php","1289","4d2eb0560465a92a392440d35cecbd9c270bdb2899e4964487478a2c22c80a5a"
"app/Http/Controllers/Admin/NewsCategoryController.php","3396","6d3137f3ba7eda0a81e9c5aef8b4f5c0c5ebc8c1e9a303aca98bc02e0bca6641"
"app/Http/Controllers/Admin/NewsController.php","6200","ce225438272b59558b2491dff674590ee2fc2a048769cbba55e9da4fe1844f48"
"app/Http/Controllers/Admin/NewsWorkflowController.php","3513","f198eb3c53e525a46613b54de0275e0da0affa0a6f1f1bfdc03b11bcce5aa752"
"app/Http/Controllers/Admin/PartnerController.php","3774","0fc2325bdefd53a42e97d5fce68d508f3a5edb009cded47df29e35dacb118eff"
"app/Http/Controllers/Admin/PlayerController.php","3136","764953ff48117713f394b5bca8aa7a6f2629971c7f785a4ab480c27b1db4687a"
"app/Http/Controllers/Admin/RoleController.php","3735","ecaaf0bb9c57ec6d4853e8ace2f7b3f66f99f0bf068145ca1b9def5025197224"
"app/Http/Controllers/Admin/SettingController.php","3183","b3029cd9bc1cddb7c5b757ec8588833d5dd49e99d8b69772f04969d4f2e2869a"
"app/Http/Controllers/Admin/StadiumController.php","2886","4b23e246d9a0e51140188ea55567223ad42fd516683de17aea5639547d4e4818"
"app/Http/Controllers/Admin/TeamController.php","2836","9222d62f39ba1dbced8fb576d789c9d947bce0685075a03f0cb39eb987e40296"
"app/Http/Controllers/Admin/UserController.php","5310","af918b6b830cf3e0b2c382ef991a9601321170c403095f5e086c88588eba01d7"
"app/Http/Controllers/Controller.php","377","bcde5cb184d91bbf2e211cc5cb113c2d54702e36c03f08e2e3edb4ab01c67e10"
"app/Http/Controllers/Site/AccountController.php","8505","1e2bf02af46f6ee9c5a043b000d83ab582ca299322eb12bc5b011eff579ab14d"
"app/Http/Controllers/Site/Auth/NewPasswordController.php","1962","c0eab0fd33d272472d24dafcebcdeea6fc813107e95288cb1dac60c6c62db61b"
"app/Http/Controllers/Site/Auth/PasswordResetLinkController.php","937","40f5322d72059e714bd5fb556e1702064bae27bf838a63aafd5a2f24213d46b8"
"app/Http/Controllers/Site/Auth/PublicAuthenticatedSessionController.php","1875","9382515f62c6da307370d93f47845be2bfce1887ab9223fecfbcdbaa422ef66a"
"app/Http/Controllers/Site/Auth/PublicRegisteredUserController.php","1390","32f95eff7182723e2e61de9a09eb04e5969f70dc146fe779c7cc70feaba9e4a9"
"app/Http/Controllers/Site/CityController.php","1270","d9efc7aac36e2ce49422ba04ae082ed90ed6fcea74628b4e343fa8dc6cda1fb5"
"app/Http/Controllers/Site/HomeController.php","10240","a55d48039258625737f90e1f10c4e9434e54f643696c7ea1895193833f2fcf50"
"app/Http/Controllers/Site/KnockoutController.php","940","986692bdafd1980a3ab079e04804351ca8977046ecc44802a7d5f2e4668906f6"
"app/Http/Controllers/Site/LanguageController.php","1521","24bb813fd65f94cb5311f75837c2b0c89a44ac136e37180e3a0bf8eef04ef1e2"
"app/Http/Controllers/Site/LegalPageController.php","308","7b3c991c0fc450530cd4b247292cb6e8d824452973f87385d7d8f10363488acc"
"app/Http/Controllers/Site/MapController.php","5968","0168a3bcf37f65510e92d05958e7c154ba45feec2253500fe549666b564ca941"
"app/Http/Controllers/Site/MatchController.php","2072","18cb685208d61ef7c93f11dc50ae982c10df0db5c117fbcbd0433f0a2833b362"
"app/Http/Controllers/Site/NewsController.php","1841","73f527d263944755903ff65776bd979b8763ff46a7cd4fae84135c7e316dee44"
"app/Http/Controllers/Site/PartnerController.php","489","e022f34cfbe46ba479949bb1d38254d10041aa7fca01933846b90beffee8cc96"
"app/Http/Controllers/Site/PlayerController.php","1360","d07a2da8ed4bd303d5e8b325b4b0d531a8749b12504d162905a428d561c4cb12"
"app/Http/Controllers/Site/SearchController.php","2928","b683b8c5a240d5213d7c3d681515910bebdf186df6a138ff37578f80c2da54ca"
"app/Http/Controllers/Site/SiteController.php","11604","eb3fbf3bfdb04dfcc76f9005f574a0b52f623e99af14cd7a7e984cb66e7bb40f"
"app/Http/Controllers/Site/StadiumController.php","1491","a13004c424ebd657bcebcd55fe80e7b767dae5d350f59bb254fb0ce8b1693444"
"app/Http/Controllers/Site/StandingsController.php","1854","8c2cecb3bdf3bac2fbe5ed36b117db6c03cac5370870fcff975c6be4e0c452c1"
"app/Http/Controllers/Site/TeamController.php","2911","9e23fb044654c74e37d947de799c4c316dd0505abbc1c6af20be6a3ef3f237d7"
"app/Http/Middleware/EnsureAdminAccess.php","498","ad2ffa8fbc9d826d66a3f49fa4cc030cd4f0594bfd5aee012832cb0badd95103"
"app/Http/Middleware/EnsurePublicAccountAccess.php","614","99603baad7846c23937636cb6bc34cf02f89f0542f3dfbd2b8e40837dfb7ca44"
"app/Http/Middleware/SetPublicLocale.php","483","220656d9126d8c82d2ba1a8a349e449d057645ba36faca63ce3578cb0dbeb4cb"
"app/Http/Middleware/TrackVisitorAnalytics.php","5788","0f6c11341fa350a09ee57953a9fae8e8471efecc7b42d7bfa327280190a81c9e"
"app/Http/Requests/Admin/Auth/AdminLoginRequest.php","2291","388f62c70c72920eaa9d70986681443e13b0d2c48bb727af1084d554f8f2ff1d"
"app/Http/Requests/Admin/Cities/StoreCityRequest.php","944","25e9e7ede5dc6a4a08f1e4f80847f80af8cb1183f2f160c9176849f12f6443a0"
"app/Http/Requests/Admin/Cities/UpdateCityRequest.php","1024","ac3ff88ef2dffa697de7bfe759d3200c6c9e1a72bd06c917b8b701a96cac3771"
"app/Http/Requests/Admin/ContactMessages/UpdateContactMessageRequest.php","585","93c034378d2a2827379d011f6e817dce59198a422f29a66bc0331e6b78013b4f"
"app/Http/Requests/Admin/Groups/StoreGroupRequest.php","582","f1bbf514c54d1498ea51e1a55c06af48a3cd33209c44b8b85ed30cd5d57a7d41"
"app/Http/Requests/Admin/Groups/UpdateGroupRequest.php","648","a73c020aa30557a39f9f8d600edf465258df9ca14c50b34dbe1fca687356a580"
"app/Http/Requests/Admin/InterfaceTranslations/UpdateInterfaceTranslationRequest.php","381","acfdfca6e9015a6704712c0bf4b0ee0387b912d86af24c14f34bac9250b04594"
"app/Http/Requests/Admin/Languages/UpdateLanguageRequest.php","1093","2416a78dcf11451ecf5e2363f1e71a2e32ecf89021260227123cb499c339d64a"
"app/Http/Requests/Admin/MatchEvents/AbstractMatchEventRequest.php","4236","02d4b2531a41567db352d6a986ebbaf11e660e4681729e3abb0b1bdcd3ff6998"
"app/Http/Requests/Admin/MatchEvents/StoreMatchEventRequest.php","122","5403bf0996a64f73bde6a490f5a0214053e17e550ff4a6b4e028d83f42cca391"
"app/Http/Requests/Admin/MatchEvents/UpdateMatchEventRequest.php","123","6be9ce6e2b8a4a1fa798b97d34961b8521ee74b28869c6a58e774aa1e4ee43a8"
"app/Http/Requests/Admin/MatchLineups/AbstractMatchLineupRequest.php","2616","c52fdd8803707c15e5bea38f38cd53737e1673ac90fcf67dce92c7c519af593c"
"app/Http/Requests/Admin/MatchLineups/StoreMatchLineupRequest.php","470","a924778ddc9323197f3e26ed38f688ff9ad2ba26ae2e0f27e7eeb72cc511fbb1"
"app/Http/Requests/Admin/MatchLineups/UpdateMatchLineupRequest.php","603","7109f9a1a65f96a8c461ba468ffac2fa2ae18bb01e079c63316dac4908245fa1"
"app/Http/Requests/Admin/MatchStatistics/AbstractMatchStatisticRequest.php","2353","dd09f72d1d1c3be3ed74ce0d15d33f75ac7fe1a4e26a1680f089b765d239e5c0"
"app/Http/Requests/Admin/MatchStatistics/StoreMatchStatisticRequest.php","545","23e9adf6e4e65fb3a9f09e0f7bd8a94187e88e0940c65170f6314a1558e93078"
"app/Http/Requests/Admin/MatchStatistics/UpdateMatchStatisticRequest.php","696","a0009b3f6c5d314d668f983039734e3031483c7528a6fb2926e40997bbe5a92a"
"app/Http/Requests/Admin/Matches/AbstractMatchFixtureRequest.php","7271","fbca4bd4d52a0f0cbd76bd0be2176a001a9dae9601495b51025939cfa2da4df6"
"app/Http/Requests/Admin/Matches/StoreMatchFixtureRequest.php","412","b16e9c74c6f17ae55bb29c586060bab4e14b3cf594be03272aa97a117baa459d"
"app/Http/Requests/Admin/Matches/UpdateMatchFixtureRequest.php","543","c08b0b8a6a53468a368a2367470589be34a6ec1e0d22e146ab189ba8492ddfea"
"app/Http/Requests/Admin/MediaFiles/AttachMediaFileRequest.php","4496","7f5826087d3830a8c202bcfb8a5d2599c78828225c5bf030951689052193cd5e"
"app/Http/Requests/Admin/MediaFiles/StoreMediaFileRequest.php","1234","4c94498c901f024a88f3f81caadd4c51e44272e8bf0dc9d8325830213ca06a05"
"app/Http/Requests/Admin/MediaFiles/UpdateMediaFileMetadataRequest.php","796","5440ca004bcb1822327b244cf475fab82c2aef5580c496bcc35666b0333e6d81"
"app/Http/Requests/Admin/News/StoreNewsRequest.php","1579","bcb0a0deabfcff6402f1227d42720f3fa8cab37add07c8d775fd244dee524355"
"app/Http/Requests/Admin/News/UpdateNewsRequest.php","2359","b4255791a9d5b677e95f11695a3b01433da7402be2ab2bd52df06df9574dbf3c"
"app/Http/Requests/Admin/NewsCategories/StoreNewsCategoryRequest.php","760","9c601c8d026bbfbe8b7c54ab83814699cbf3710fb9c373e8d5b467a513d17fce"
"app/Http/Requests/Admin/NewsCategories/UpdateNewsCategoryRequest.php","867","33fa4dfec3fd1c262d5af594e4f94b48d70130e2db5d9fc56a2609e3f0f65fca"
"app/Http/Requests/Admin/Partners/StorePartnerRequest.php","906","6f445babe9a7d21420a35ae47d6b2405089652fbfe9e697ed109867e76498b7a"
"app/Http/Requests/Admin/Partners/UpdatePartnerRequest.php","978","91fb85d0d0245b90cd1a75708274de658eb68a880dd804e5507903b03b462feb"
"app/Http/Requests/Admin/Players/StorePlayerRequest.php","1288","c1753b0f8997bde39d7c67b572e45b1306391bfd59d48b6e7aebb20f31637737"
"app/Http/Requests/Admin/Players/UpdatePlayerRequest.php","1357","8f9ca3abfdf64d6f5f9f76204ff55146ce0d2c0729e2dfbc037fe115d5eb85af"
"app/Http/Requests/Admin/Roles/StoreRoleRequest.php","728","05f4b2ecde49e28a2d68c102cfad84aeb1a5c9a23194b5a2bd7246eaa0fb6a25"
"app/Http/Requests/Admin/Roles/UpdateRoleRequest.php","808","b71363034b566eba7b04954f721d345e21c450211c0d4e7c7cb9b32a9a32dc0f"
"app/Http/Requests/Admin/Settings/UpdateSettingRequest.php","958","df0c81b9690d2b857bf5368314452ee26b311219b2037b359068787b73f0b734"
"app/Http/Requests/Admin/Stadiums/StoreStadiumRequest.php","1109","075ae12a0cdc3fb8297d3c864c1aad9d1f6825005156f9e4381eebc546488a57"
"app/Http/Requests/Admin/Stadiums/UpdateStadiumRequest.php","1201","f21a739f69c48081d0ed36b128a66d94fdcb855e6001b7e0f90ac01055079225"
"app/Http/Requests/Admin/Teams/StoreTeamRequest.php","1041","c8a7911375e7f7aa5db56b47b033b95ff7893283b4a9735c5dcf14948d20d693"
"app/Http/Requests/Admin/Teams/UpdateTeamRequest.php","1121","6fc496aa0cf69a37e7718a7c91bddade1668c8e1fa1099c3b0bcaad1d40dc331"
"app/Http/Requests/Admin/Users/StoreUserRequest.php","2341","04b77182f4a93b23b6215d518e8b15edf5e6fae7222f9a55bc50209174cd8d3e"
"app/Http/Requests/Admin/Users/UpdateUserRequest.php","3464","a41c6a18451d310156a1bd88cbe4fd689bdf9fc8daf3817d99681f0087818c2e"
"app/Http/Requests/Site/Account/UpdateProfileRequest.php","819","7e24bb84370960035f66d59b15451d47a29b33458881299b2418d395d09813cc"
"app/Http/Requests/Site/Account/UpdateSettingsRequest.php","745","72cec7265d3084179583c538247171d61e5c74f867a8b5b0cd851172652ca7e5"
"app/Http/Requests/Site/Auth/ForgotPasswordRequest.php","337","1c1d439bbbf1a537d967d9160953747b610862b246a0478b31e40fd349883f5f"
"app/Http/Requests/Site/Auth/PublicLoginRequest.php","2221","c813329fae5381f2b3fd4eea764a9f74ab078db14caa6082cd09922224fceff1"
"app/Http/Requests/Site/Auth/RegisterRequest.php","832","f1f2b7caf170c27ab0e6dda96c32ce2fc92a53598a4b1dbd08e6c3e4bd3dede9"
"app/Http/Requests/Site/Auth/ResetPasswordRequest.php","455","fda7e1b4f2a7a107333df2e13e3d8eefda3469134a2dbc4ca30f328660f7d456"
"app/Models/AuditLog.php","919","478f46ffdd9d4c7cffc7e3c19c6fb1cd3e5c41b60c00db62025f8bf64bfa7704"
"app/Models/City.php","976","10cde4962380ab32ee417fcd4ed50306c733080b957b4de50369f4520a5de0b5"
"app/Models/Concerns/HasEditorialWorkflows.php","299","9842b3513343210ae0cd3ce02166a6fae2afb3ad1c7adcd31a16814ec5d2f6ac"
"app/Models/Concerns/HasFavorites.php","268","4e92370d4cf765406e92d62539a84c5b0971758daaa47cd8dbd0ddce3864d7f8"
"app/Models/Concerns/HasMediaRelations.php","279","94e8de138cb58a9d02fb4bd4c4dd24ec38ddfb0de9555cac97b0aa2f80bf2eab"
"app/Models/Concerns/HasTranslations.php","275","f8048fc030261b22429073ccc6ec0062bc5f49f435f6d73cf6a4ee87c9752ddc"
"app/Models/ContactMessage.php","1057","ba1c1324d9ac6e3681aff2e32847b99361e6180621152120e5cd80edcc6840f7"
"app/Models/EditorialWorkflow.php","1148","e99d18a71665bf42f9b384c15b565e49ee2192dff8ea2894163ca7effa96d529"
"app/Models/Group.php","766","17d39636462293fcf0935711cc5a02fe166340be2b78c299edad3aed8fd3c40b"
"app/Models/GroupQualificationRule.php","1907","abfe24b3e270b8244f1eccc0459ce0a61c26bb6d7a32dfdfc03b2a84e6f7301c"
"app/Models/InterfaceTranslation.php","496","806b5829d5cd020aae30ac33f9d8677265302e0c0ebbc05c30abdb5f36c8680f"
"app/Models/KnockoutProgression.php","816","b496228c660e2bdda91552c3213e0325d64632841ef5c39debf3c602a07ef364"
"app/Models/Language.php","930","ab377a4bc55fcdae8ae7b48e27e769fa465010a904d0d2c9f0afe318264e55ce"
"app/Models/MatchEvent.php","1673","83ab5f05511756a45a17c4ad92953f608046b4a05749a8fac648c7faa1ff06a1"
"app/Models/MatchFixture.php","6338","bb77c568dce01447fb31b9dbc47a78a15ad4bf5812022ba116453cf5e96a4e75"
"app/Models/MatchLineup.php","1194","4efab47a689ba9021bd1eb2634e2559a02fe19098763f1f7d780646d42990265"
"app/Models/MatchStatistic.php","1469","9c470c1f5026d4a1e95a17b56365f4c438449fd205b76f86eaf9b976e408e01b"
"app/Models/MediaFile.php","1127","f3f760c1f3008fdc6eed9a12a833d20ec1dfc7df79bd8c7b81d01d8b2b9110e4"
"app/Models/MediaRelation.php","770","1909ea15b811e53b0bac93dee68e982d11bb2295aecd1b386ad914d8d94e6d8b"
"app/Models/Menu.php","1005","b59e819444307b2e20f2dc971b8c67378d78da87acd1c4caa10c84cc62a3b408"
"app/Models/MenuItem.php","1247","1e310e2a6020144a480b8c21a54dbc4f61a5f5311b9864dd655f56f4a601ec51"
"app/Models/News.php","3626","71c9b8c27fc40512ca44fc1f4dd48c0346aca245cb93808ddce65fbfd344a2a4"
"app/Models/NewsCategory.php","1873","eff4db1d25d3cc0752e2c9fd20a2b82ef1320e27286ff011e04cbc700b18cc6b"
"app/Models/NewsTag.php","703","40423593351b2394d9a7d62aa60b8f33f3ba0976fd45cbc51327a12df132b604"
"app/Models/NewsTagRelation.php","543","cc4967a4a5935d672e350a90c2be1d63196fcd75410e1d36d7580f3cc79b1013"
"app/Models/PageBlock.php","1327","0acbf086a524c95689527317f6af12b8c53ad05a9c9c46f0790865fd409485c0"
"app/Models/Partner.php","1507","15acfb8479bc09f241f45ecd69a7240f46076654dbec771695cff5e35eabcad3"
"app/Models/Permission.php","528","4b82c038dab91d21c903f2f605180fab28f1c06af5027ecbea7cb5d26256e796"
"app/Models/PermissionRole.php","536","bf3abc0c07e31df3c35dcaf923c4b9ae92344bb45117af3e0b6a3d5a912772ba"
"app/Models/Player.php","1571","186ba265b6c9b2e0c74ba941b7c94e697dc6d9fcaa0a6488ebc2a527a05bd539"
"app/Models/Role.php","867","fb9b6a02604b929ee520c9dee7e61560eb13d19a6c8a30ed2b674b1437f7a656"
"app/Models/RoleUser.php","647","ffb23433b878fc6dcb1f70c907d758bf68b0991a5493e4bdfe2629335f66ae85"
"app/Models/Setting.php","1243","a40624041e5ab47f982621c6c1f6ce4036d70576326c5ad4052024961cf75f9b"
"app/Models/SportsAnalyticsSnapshot.php","707","04f5c4eb6108c9180aa7ebe3c4281feab8fb925556ebe42de9e2f896708d66ec"
"app/Models/Stadium.php","1122","cf690ae6b4e08f8d9ccbb55f74e77f157c1409d3e12f5c651bbb4f8042922067"
"app/Models/Standing.php","851","a02f5e30bba103bf6015681cf0be855e0103a5e128ac8d5de56069e315fc91a5"
"app/Models/Team.php","1751","620e0d114844604e8ecad8ef2c166a78627ad73a5fe14c2677ade2458f20846d"
"app/Models/Translation.php","758","e91fc911e739987a922a603b1bad1b72dac12c8f2f862c87cb7a621e31f98121"
"app/Models/User.php","5253","fe87d45c731501a35fe7572dbaeb8c1b8fb3b16b2bdd7cc543c0301df7b1efc0"
"app/Models/UserFavorite.php","578","13b93b4866f1ca33b712b8408e059cd2316dc1da6adfe40527b010468fb62a7a"
"app/Models/UserNotification.php","761","27ff607c5cbcc0fce01225b07925aef4da1244713f63897f24f80e68455d7ee3"
"app/Models/VisitorAnalytic.php","815","cea2cc5082685c9ba8297ddb4ec2caf8e7904889c9f549f8a8a02104cffb7546"
"app/Policies/AuditLogPolicy.php","1086","1bb612d18685ad0d42497cc944cdf1ab0e3f1f7595b1947690badf7464e1632e"
"app/Policies/CityPolicy.php","885","e764ba0dacfb81580f75e21cbd7f5c5b774e639cc919a37bb4d434d13a952368"
"app/Policies/Concerns/ChecksAdminPermissions.php","490","c13cbdb13121fbf6848dcd917ee0e82d9bf54a8348056d584bb07e9c051c241e"
"app/Policies/ContactMessagePolicy.php","709","9a47b3e7f03343b1dfcfe9669c4e50fef6de946ce8013886cc59e8be560605ca"
"app/Policies/GroupPolicy.php","980","3e8bad6e36958f621d6cedda89d040e3c4740fe57d94314ac074720821ac357f"
"app/Policies/InterfaceTranslationPolicy.php","733","609ab54783d37a436ad01aa87500443455a8507b1340c76fca20e4975252eefd"
"app/Policies/LanguagePolicy.php","652","05b70f339e2afcc50b3da80c62d03c84581f0ee6d37fb09936b9d5b5a54a3407"
"app/Policies/MatchEventPolicy.php","938","f2a3472b476b620322d9ab0d2174443eac37989f4476d0a491debee0876cd4ef"
"app/Policies/MatchFixturePolicy.php","954","ceac37f2014fa6b147476e6363f6da9a3f0d2ecf4d83bfca2ab525eaee9f3efb"
"app/Policies/MatchLineupPolicy.php","946","7ea5da0ed36049c5f47685e4577f991006a7e6949190feab087f69a1f016fda4"
"app/Policies/MatchStatisticPolicy.php","970","b6ff851c2492e6575fa23a45933c537226e2f1c91cf949729d2b22041bb66241"
"app/Policies/MediaFilePolicy.php","1529","761cdecb82633f77c44f558b7bc58316fc56852e5449743d735652d631e18d17"
"app/Policies/NewsCategoryPolicy.php","1213","6b7eda281124e3c48246bb1d6a34e123e4c6af18bedfb3b4ac6ed2f35044f01b"
"app/Policies/NewsPolicy.php","3351","8b232e4053bb6a886e5a8945a96f98cfd0bb43cfdc1b7a6e0c328f19488df969"
"app/Policies/PartnerPolicy.php","919","7365509e1a3556da783e43302ae79fc546de59c09707887b178d2f7b83dfff60"
"app/Policies/PlayerPolicy.php","906","0a80a0fe089dfd88a5063510d102b4651c7f76cd5de3443756ecc7f5fca0907f"
"app/Policies/RolePolicy.php","880","c259694116d9f3ce6e96a60fa562014e8fec805a55b32154ad231ac1f383a5b4"
"app/Policies/SettingPolicy.php","798","414173803ed7e16af38134d87eecdbfc0386ea60cce586b022eaaffd2ccea56d"
"app/Policies/StadiumPolicy.php","919","12cdbfe316b8fa308efbe3f81afeb3e9f02d6f7b0ebebb1b54e1c1bb9a536ffd"
"app/Policies/StandingPolicy.php","1107","0192b44082b1a61076a8778506e47f9c17602f5387a525c7ebbb760c71f5ac4c"
"app/Policies/TeamPolicy.php","880","be1af53e289e55f6288626246b3954fdd9d52bf9c629a06354f83ffe2528546f"
"app/Policies/UserPolicy.php","1403","70319e31d2ff288c24e1026c93db76b44bb736145e6714e50f7c15cf6caa8639"
"app/Providers/AppServiceProvider.php","3778","03fba922be38ec29a2815a1f3493ce8d2227590e142b66fb915cc70ed83b43d2"
"app/Services/ExternalFootball/FootballDataClient.php","3549","8200a6b89a898dbf18f33078795dd7053c8c303b4196efd9b3e6465483c9d310"
"app/Services/ExternalFootball/FootballDataSquadDryRunService.php","12852","3572aac586c3aaeacc51fdd907176f1193fb38bfc2c38e4bd173297e47cfea4d"
"app/Services/ExternalFootball/FootballDataSquadImportService.php","20090","1bd8909000d3b2bb39708ee3625240569b44cf61f8b9c33c87328fae09b17342"
"app/Services/ExternalFootball/FootballDataSquadPayloadCollector.php","11935","877e92c1392f8cec29f64fd5758f79f54179d467b9bd380d5d4650bc1842c7dd"
"app/Services/ExternalFootball/FootballDataWorldCupDryRunService.php","9134","2b51f99bcf6eecb95e10076527a2323b5f7fbfcdaf1b3b9e38530cda3a00feff"
"app/Services/ExternalFootball/FootballDataWorldCupImportService.php","19517","142864bc15ec906c89185fd23636b2382246277677eceab3deb20f3fc73979c1"
"app/Services/ExternalFootball/FootballDataWorldCupReconciliationService.php","9017","0b2fe5b5baeab60b029aa5fc5449d0d626789c2b9479dd531151b4012715ce8d"
"app/Services/ExternalFootball/FootballDataWorldCupStructureService.php","9051","5da82136a431a5316072f25536c9540590d717815a60c275b12b5627d986df94"
"app/Services/ExternalFootball/FootballDataWorldCupTeamReconciliationService.php","14275","7d9d6ab39aee7c782e6965fc4f29d40a60fa95d6510a60d1eb5d20e087e8ec31"
"app/Services/ExternalFootball/MoroccoVenueMapper.php","1150","99c1c4631223b858c4481781bb224b0dc05f497a79a3ab4baf611744e2a6eaa8"
"app/Services/Site/PublicSearchService.php","7741","be21c17c9ea8f2f47b9e302a10f1ccd628ba9ce4183845a796d50c0b2c1fdedf"
"app/Services/Sports/GroupQualificationService.php","5116","fd2633fcfb282be7bcfae348aee4ba4d4a218a688b6816879d758a432f63c0c4"
"app/Services/Sports/KnockoutProgressionService.php","6093","db13022e4812cb0dcb77d65884c1a3c680ed9f9eef64e5146038bd0255602c49"
"app/Services/Sports/StandingsRecalculationService.php","5334","f031225bdd89715674c75e597752c81e8de96ce37e47b6dd9e025c14563fc373"
"app/Support/AssetFallback.php","982","c2f4740b0c5dcc3b6bfce72aa3c8632812d5b36848c67c69de880337e153de41"
"app/Support/AuditLogger.php","2086","7760edf5a1a19475902a57b38ef5177df4e2bb39200c464d3a1139409f2da49a"
"app/Support/NewsMediaStorage.php","3719","8a67442ffa97da1dd2247d629b6ea61d31f6503783425a538427445658f2b9ca"
"app/Support/NewsWorkflowManager.php","3346","5323f497fece66016d951b6ea6413252ed97bda5299203f8b51a0b1f9d54a768"
"app/Support/PublicContent.php","2065","97b1dca2660360124dc65e17ce9a8fb1194ee49ac9c4b281a7e6aaa4f3ab7a56"
"app/Support/PublicLocale.php","2534","ad536a3bfd2656b0a9f82c66f4ce3c437db5135eca9bddc491a4f3a09681bf4a"
"app/Support/PublicMedia.php","2486","fdc1b2884e5cc23e137ed64ec041114a3a360743754f582adc6e4cad27ea7011"
"app/Support/TournamentFormatting.php","3778","9e82e9b9055721e0689634ac0b4a9f37d6e9c416c091a9417f5cd41b21bb9863"
"app/Translation/DatabaseTranslationLoader.php","2884","97d99e11964e0ac8d39ced8add46a39de3cc2a0f55c163f1a4b7eff62e49b2a8"
"artisan","425","f91a517c0c5d3a904c3f390933964a5e08ec1fc68146882730daac4aca4ffcec"
"bootstrap/app.php","1493","15492ba2978e401a12bace69c96c0466f36a25f0ee1ce826952e2b4b2fdcc40e"
"bootstrap/cache/.gitignore","14","240a3e0d37d2e86b614063f5347eb02d4f99ca6c254de6b82871ff8d95532a7d"
"bootstrap/providers.php","89","f720e185207a343d4c19fc99dbb317a4187efbcd7d38a303a695bbdd77ffb943"
"composer.json","3008","e0616114932d1c935039db6f92bc91817294e9857adedccaf02a9cdc66d15233"
"composer.lock","311242","02608f123adfa58882e5eb4292d5fabf40c46734b08ae30cef552869e070a1fa"
"config/app.php","4277","7b0e2759caf9297999525a8957f6c7536c603e2d3e1e897525cd2dddd61103a0"
"config/auth.php","4040","c7e204e9785c9f596d66fb884b493f658f2327f157646bdb4088efd6b3a7773f"
"config/cache.php","3683","b8bcf382283330b94c0a602ff06452de819041ea709e28eea5065d51d1d7d085"
"config/database.php","7035","1e7c0d91f3a60f131edbfcef9891781d9afa1d078b34e7bbe2d43dccc75f03c2"
"config/filesystems.php","2729","305429e0353eeaab232db97924afad2352b3129bd615037ca2c9bfd7bbf192fc"
"config/logging.php","4340","299ec1ba5b5a803c8e20f666ae7628e442e856cc2ff7ac9e2adb17b97e8ad63b"
"config/mail.php","3631","c43ff49a31c5f32ce21eb7159f2a4b3cd2f4074eaed5838d265646dbfedd3474"
"config/queue.php","4199","6101774da7c8b79af46d0028f2b8b31a484c3f7eda10b76e5b27b6093ad364a4"
"config/services.php","1356","5ab5221997612c66c39a6a7b331f6a887a6643268bc38aec431c6082194ac40f"
"config/session.php","7848","f2e75e189021597e29940c0859c00c3088ec591e403768fff5143c5687a80f59"
"config/tournament.php","343","ca3d3126f9bc3ada401630a9e37c838d5c42208f0a98e5e8b5c2ec8206ae6e50"
"database/.gitignore","10","e758642d95e83e907e010b6e46b07b3f953c7cef11fe5ebefc2a77b9d7b4d5f7"
"database/factories/UserFactory.php","1044","50bdc543f1b09d1a57260be55ad0e1a68aee4b34f63e1109dc94d9bcd3080526"
"database/migrations/0001_01_01_000000_create_users_table.php","1899","566a1761770b78c8be23f65e948595641098f7688395bc0aa08df2dbbaf70f83"
"database/migrations/0001_01_01_000001_create_cache_table.php","867","2ca8398390ecef8eaf72aeac7fefce67f7de631b6f2ec7b7081c8db8953215dc"
"database/migrations/0001_01_01_000002_create_jobs_table.php","1812","7c9c712adf4091c87bf2612f4d0dccdfa1df4501553e4ac068b83d7bd5462fa5"
"database/migrations/2026_04_07_000100_create_access_control_tables.php","2006","cd64b02fea20e987b9047f36189e54d2abfbf2ac1c72eb8b3cc0de0b8acf3ab4"
"database/migrations/2026_04_07_000200_create_language_tables.php","2300","6c2bbc2fa48e023d29633c2358547daa2eb8586e2758782d8efefcc934bd8b8c"
"database/migrations/2026_04_07_000300_create_editorial_tables.php","3620","1e8d66d3c920593ae091653016010e1bda7d7f3e0f09435c4bdbb34b4cf6b0c8"
"database/migrations/2026_04_07_000400_create_geography_and_venue_tables.php","2679","70a0c8368c04988fd2ed2b0678be02c4b2cd04025d134e55698227c1c3a2bfff"
"database/migrations/2026_04_07_000500_create_competition_core_tables.php","4327","fad30db04bd327d465dce3736aebb482bac295ba9167214faa2c28b981e9de2c"
"database/migrations/2026_04_07_000600_create_competition_detail_tables.php","5107","110237c8b6ace45ff2cb0460ab830511b4a388030be9621753b5e7525ec8e934"
"database/migrations/2026_04_07_000700_create_media_tables.php","2297","1e9448920ed768dd96f8f35f3c46af5c0775a24c53dede57e56a2ccd20631c4a"
"database/migrations/2026_04_07_000800_create_dynamic_content_tables.php","2812","2df0fcd9919acdb2d32465a5e0a916d45dd382b684c032e48cdfbf15081c748c"
"database/migrations/2026_04_07_000900_create_user_feature_tables.php","2538","81f05716e1cca2039df17bbac91da6c04751c901da3aba98a131d82ff75e3b12"
"database/migrations/2026_04_07_001000_create_tracking_and_settings_tables.php","3491","74201f9b0503dfb45bb8e813c093006fddec132a95c5c4263d23d26e664c0861"
"database/migrations/2026_04_08_000100_add_sort_order_to_match_lineups_table.php","822","9777fedab12d7124c2b5dd4d9935bf89792bbccc0fb7fb686e71ac3db424306f"
"database/migrations/2026_04_08_000200_make_knockout_match_team_slots_nullable.php","790","dd0d26e0c3b679b8a6e750d03ede4f67cc83dfc2b3166f24fcaed27583d2e2da"
"database/migrations/2026_04_10_000100_normalize_mysql_timestamp_columns.php","1147","570c7c1aab8528a208e44f5941d44db38d25124e8c6f4271e69453117c922c86"
"database/migrations/2026_04_11_000100_create_group_qualification_rules_table.php","1461","ce30f698dd128e95d9d504d507be04c8f6cd17b1f64eba1ff0bfeb0fce6352e1"
"database/migrations/2026_05_29_120000_add_contextual_media_fields_to_news_table.php","930","364b7a67d6cfb9d2b0c689239131a8411c45b6312887137360330fa59d50d1c5"
"database/migrations/2026_06_15_000100_add_external_provenance_to_players_table.php","918","520b7c333c3afe3f50624ded56c819f5848e2e6f94a62d5c287a25d483576601"
"database/migrations/2026_06_16_000100_add_logo_to_partners_table.php","622","8f3cb6620fd6a943821f1617118375f724fa40b0eb7009d6efb0ae56e114bdbd"
"database/seeders/DatabaseSeeder.php","449","df84a077af4d2031e4f828d7f810b60791a8e1a641c6b7862cfb069ddd60ef26"
"database/seeders/DemoAccessControlSeeder.php","9433","f966fe445f3975a7800de7caab04b62bfc74eb04e822da0d2b9fa3615728ca2f"
"database/seeders/DemoCompetitionSeeder.php","11436","50b729d6c9701fa3480f5b398e18e497d97e8d923031c93c8debab787237efad"
"database/seeders/FullTournamentStructureSeeder.php","21128","d0e4e8a1c2fe8d64307f72a1a00ad42b1a93af87b109d381ede0a11f7ff606d1"
"database/seeders/LanguageSeeder.php","4047","1e8a5e6138bcc38b368437ed44a7ee4a5eb74ee338a729c294139537d985e081"
"database/seeders/PermissionSeeder.php","4285","abb6170271f790f31066e52c0bdfb1308d1d437fd68919ac14c40ae2ad3ecc2a"
"database/seeders/PublicInterfaceTranslationSeeder.php","152848","0867142e5b836f29aa91df4ca226001c9fb21ca2ed3ac0cc82d5c79f2f62cc6b"
"database/seeders/RoleSeeder.php","4275","00957bdf70bac7a694aed1770943979247e92822777e035ec06eb02b24951b9d"
"database/seeders/ShowcaseTournamentSeeder.php","71167","e82ca36e9a528c372a1701d019b8cef6a514f6ff4a3f7c2f3cf2442e61d12c45"
"docs/ARCHITECTURE.md","6679","9e06b9d8bcae289b80b733cc4d98b8a129604a727743ffb58759e8778d2c05cb"
"docs/PUBLICATION_IDENTIFIERS.md","1735","9ed2faafe5e7ad95a25da359959040a5e7a71f6c52ec2a469ad9873a5608d891"
"docs/PUBLICATION_PROVENANCE.md","1719","2e61840cebc41d4fd6a7cee2798a1af26ed35de8bb15b09fa5e7b6b405c16578"
"docs/project-knowledge/00_INDEX.md","2352","41dcb0e3ad81d8d072f217fd2d15c3efd9d002c00d994834466e14ca4cc92e6f"
"docs/project-knowledge/01_EXECUTIVE_SUMMARY.md","2911","37e0168ce5063b7acc7e4e8bb284226f380267921490b9ef2950b8f41a0e8729"
"docs/project-knowledge/02_CONTROL_GUIDE_WHERE_TO_CHANGE_EVERYTHING.md","11371","3dbebb8b7c6c12c6145b0d6337b4753fe2f4f96dddac91fe9535321d172d4bcd"
"docs/project-knowledge/03_API_REFRESH_RUNBOOK.md","4466","1105eb5dd12da8ac7e3cb5f49c0e293fe15f875ebf33ac81486d8dd697002a1b"
"docs/project-knowledge/04_TECH_STACK_AND_VERSIONS.md","2901","edaaa525b0fc4c4cb241515b5db1294f9a87c160108c6f1fe95c483b9ed2c345"
"docs/project-knowledge/05_SYSTEM_ARCHITECTURE_MVC.md","3294","2aa25f8d30f361771fdf352598d9c6a8ec949d07bb020cdfb50b06a3a25cde63"
"docs/project-knowledge/06_DIRECTORY_STRUCTURE_GUIDE.md","4430","daaac6134a6c175b0c178fe90cf32e1b0c1a189053d05a6f37dddee3f4572623"
"docs/project-knowledge/07_ROLES_AND_USER_JOURNEYS.md","4201","889621c5d996479c60359500d7b1072fbdf61ae622a480ba98fbccd9f2ba0995"
"docs/project-knowledge/08_PAGE_AND_BUTTON_CATALOG.md","8504","5edd641c7cd3db0f758f2a7b3af6cc7775494915d259eb82c475b7eb6b660bca"
"docs/project-knowledge/09_DATABASE_SCHEMA_AND_MLD.md","4495","bd8948dc2f6a0da5c2e97e47d911dc66233f7047046abb0bd80aaf8389b4991f"
"docs/project-knowledge/10_UML_USE_CASES.md","508","a05b9654c0044cdd8ef2498531a868e682b6424b01be7ec6c4a0b7e017234557"
"docs/project-knowledge/11_UML_CLASS_DIAGRAM.md","215","a475256d86a7facde035ebd22ae2736d24e8eb62fdf8907b0825b3f86814c5fe"
"docs/project-knowledge/12_UML_SEQUENCE_DIAGRAMS.md","317","ecb5d16eba4d4ecd915a81f2bea27dad8ef1ad6b68b992404fd3d64b17f16a14"
"docs/project-knowledge/13_MODULE_BY_MODULE_TECHNICAL_REPORT.md","4372","233ff627d2fdec13143f7aa1ae18b92c4235c863dca4c3f78fb5de21d7e41bc5"
"docs/project-knowledge/14_TESTING_AND_QA_REPORT.md","2403","80ab75987bc33d378a979e4aaaefacb49276775a4a2aeac05610892d0a46dbde"
"docs/project-knowledge/15_SECURITY_RBAC_AND_ACCESS_CONTROL.md","1946","caba611c68488bb77a7997df16b634bbc1a10737f09eedaffae39d64d85d4444"
"docs/project-knowledge/16_FINAL_MASTER_REPORT.md","4580","a512dc1988be3a0dd1e094f2a39811c75f6b1e9873e67a4fe26f939a7e9e478c"
"docs/project-knowledge/diagrams/class_diagram.puml","2680","76c790a714dc6ea01252322744ad80ce3012c8f7d4a675e330d2261e816c1d99"
"docs/project-knowledge/diagrams/mld.mmd","1896","c9c5cea677d4d3ae21be50c383ac85ec2f2796b8a645ff639e98498d5da4ad8f"
"docs/project-knowledge/diagrams/sequence_news_publishing.puml","1021","6e16994ac29591b56c7cca7cac12a91c5b9dd919e1886507b4373fc14d713423"
"docs/project-knowledge/diagrams/sequence_partner_logo_upload.puml","733","c85fe3d4fcb6c2bc8c13d338075a905c721c54fbfcdc20ca6433c003a840337f"
"docs/project-knowledge/diagrams/sequence_public_account.puml","677","5f60358b0a019eb426526c6d2e2dadf5cd5f13277efdd9bea296ae1ff478915a"
"docs/project-knowledge/diagrams/sequence_public_match_refresh.puml","816","d744e94bb52a4788ccfc8a2a2cc60631be3c5bbdbabcd10ed619f8fb2e778e75"
"docs/project-knowledge/diagrams/use_cases.puml","2284","8402beb5ed74cfce0573927377417be3fc66bfd99bf4cadfcfe4d65902c4150e"
"docs/screenshots/01-home.png","93783","3ee7bea058aa9656ad660b40ea0a756e7b8b3bcb4e6fcf26c4622ed7d47d0fd4"
"docs/screenshots/02-matches.png","53758","146a6b23aba420c97e803a22dc4bd710604e1b1ae53ae7513ead7c930903ef32"
"docs/screenshots/03-standings.png","67309","9e845ff37b07ffa97fa30cf5ffdd9e85ee5ee7e0c38eeceec482547bb6cdcda5"
"docs/screenshots/04-knockout.png","56875","43a4505b3be68d0ce2ec77c3608ec7a8c884ab9e1d6417d7f05194e7c62b553a"
"docs/screenshots/05-teams.png","63233","e083f71ac1c0c857740d4a5f15113924ba67eab55c02810bdf24d90ca3ed0b7f"
"docs/screenshots/06-stadiums-map.png","80889","9ee4b576983ee05de3bee112e72a6bbd22f1b2861ac560c26ac838f3ebb7d16e"
"docs/screenshots/07-admin-dashboard.png","93120","8fc065159dfafd8f3f5d1fcb9d5a654c3ff8fbc6e7a3ba4f08fc9c556d2e74e8"
"docs/screenshots/08-editorial-workflow.png","114116","bf4011d27656a43bd85d859469f4b0d6d48387fccd61574e5890a8a99e0dff73"
"docs/screenshots/09-media-manager.png","81359","c26aec3055eb2800f90c0580347075115ece164784e0c290b74644c170825f5f"
"docs/screenshots/10-translations.png","85386","f06ef64ddcaffec2be9c64698236e571ead013108335a1e42585494ef885516b"
"lang/ar/admin.php","3716","2ee87f4f8d1a1a7467cb1e60f555a1301cac6b3faba96e420b45d5676014c089"
"lang/en/admin.php","2945","b09cdadb5e1c116d3ce1d0c31796086649b84eb2a452edc8ee9e7eafbf2ec773"
"lang/fr/admin.php","3092","9c2835f7c16f0b0df9c460ff68e4afa4e516f90ac575286d62ea2da5f062f134"
"package-lock.json","86195","387cbfcacdf4e6f326bfd69cb8049591797d1e49a704d28053194c335ee05fb9"
"package.json","415","12b98a2fa5fc6ca01394949666ca1dba41b43d76686c2624b225996fcdebf5be"
"phpunit.mysql.xml","1675","28f318383058f9b50424b74a3e86047428af6123c8e1c942344e39987973c1d9"
"phpunit.xml","1777","caf9f81b040c28993bf697054464ad9ae82cf97065f029acd0bc87b29a7f58d1"
"public/.htaccess","740","b7e379c77639fd56144947dbae84c84eb466d9c686ea81f2f013ae85421da923"
"public/assets/README.md","577","06eaf202287a6967aacb426644f5b30a6a0a120e4f24e9643137f3b51d1b6d30"
"public/assets/brand/.gitkeep","1","01ba4719c80b6fe911b091a7c05124b64eeece964e09c058ef8f9805daca546b"
"public/assets/brand/README.md","372","5280dd165fd998e3dd3ceb72c0052e1a8adece64686893d0d26e48d35992df8b"
"public/assets/brand/favicon.svg","661","e86e6ee3a47dbce3621ea4c4b1adf8384c6409b9143193de0bf61c4a0a138948"
"public/assets/brand/logo.svg","1552","cf25e9b755d2b8c305720f2458c280983a210c3bfdbc1b9b55ccac364a27de85"
"public/assets/icons/.gitkeep","1","01ba4719c80b6fe911b091a7c05124b64eeece964e09c058ef8f9805daca546b"
"public/assets/images/flag/LICENSE","1087","8f1195d55a2fd315a07d812328470ca9ba2abb78c8d317ff19619d5125e00cea"
"public/assets/images/flag/flags/1x1/ad.svg","29142","ca1937c79be8d23baf0a424d66f934b81aeb3da7454c1509cfcbc6d887ef90c5"
"public/assets/images/flag/flags/1x1/ae.svg","274","ad238db320326d07186f28861269250e3195d15f672ec7acee2c36ecb94f7d20"
"public/assets/images/flag/flags/1x1/af.svg","18984","0232e3553749f5010e78566dd270ded9e2e00eb7386c137d08738ecfc278dad0"
"public/assets/images/flag/flags/1x1/ag.svg","751","00232b7b5c054d177c30cdab59b4ee11c4bd13e6ffc55e92b4622eb3af2844f9"
"public/assets/images/flag/flags/1x1/ai.svg","2314","3740d9b9929bd203a28f26c03f05e7f80f5f4ecf93cca3b92d71b2ebd021c099"
"public/assets/images/flag/flags/1x1/al.svg","3139","04b5d48a47f5207b19dd7cd0092e34a0d165037fda74345ae1af8513008797e0"
"public/assets/images/flag/flags/1x1/am.svg","236","57edcffabfd3b81c54ec5d9c37044a8dbfeb5f98bf56aaf3c869c755e025061c"
"public/assets/images/flag/flags/1x1/ao.svg","1602","b545e4418fe4c47d5b0fd754f768d0b1d119f6ba83b7d28012163eff624f3d56"
"public/assets/images/flag/flags/1x1/aq.svg","2922","adec3636bbd217dceea5da53b746cfd0ac1dce4e709b3a76c67323ebb6d40884"
"public/assets/images/flag/flags/1x1/ar.svg","3440","cb6050f545cff954c635a906a352d4b5a389193728c5686cd4ec63a12a678f08"
"public/assets/images/flag/flags/1x1/arab.svg","24592","cd15af827cfb1d4e821cb26cee20ec0c5eef6257f795699747d532580c93acf8"
"public/assets/images/flag/flags/1x1/as.svg","30976","8d56ddc7d56b3068d9063ece2582a9c050461b3f97cf8d78bb1de8b15bd526d8"
"public/assets/images/flag/flags/1x1/asean.svg","1102","5df0c11dc2ed9edbaa4afd0774ecde6de9f2b271c9f1f101b0b5a547a9c05e63"
"public/assets/images/flag/flags/1x1/at.svg","203","9ad440392b2e6754d95b42b6a1973045dce2b44076e4e1f9a31f94be7ae7170f"
"public/assets/images/flag/flags/1x1/au.svg","1256","1e6796ab84bd35e76172ef329a5e9115911cce41b7fabdb6359e8f22aa7a2b7b"
"public/assets/images/flag/flags/1x1/aw.svg","10355","e3a9f11339ecad71ed1c9c76fca78d4e97fbc288678fbd8e0cd6943e1775409c"
"public/assets/images/flag/flags/1x1/ax.svg","543","4702b3f01dac6ce271e01dca2bf4af8179b7b2f41078b4fe06e276b1187927ee"
"public/assets/images/flag/flags/1x1/az.svg","488","270a8348e514b6431d3c564261405d429e8ca8014ab81ecf09d9b77fc271ac25"
"public/assets/images/flag/flags/1x1/ba.svg","1172","07eced7b6889f979688e47b64837d6766fac076ef9c12e13696fb785c1fbe01d"
"public/assets/images/flag/flags/1x1/bb.svg","618","065d1a0c5a882e5558c1af502195d50737e3fafbb55138e2154405f064ce7630"
"public/assets/images/flag/flags/1x1/bd.svg","189","90f8f20e477885d372d872e296a3b7d352980b8aa921249b5702e9a5b2aa94c6"
"public/assets/images/flag/flags/1x1/be.svg","302","ba60828a8d29d0e0fc10a8187650c9dbe4c5e4b0a14f4f1135b04706723f627d"
"public/assets/images/flag/flags/1x1/bf.svg","379","62cdc2bd45955b8ac14a8ce6697f626eb1837c64168d9a1ffc876478068ce3a7"
"public/assets/images/flag/flags/1x1/bg.svg","233","4943a69eba8a46f542e06c1f12fcae43996316e3d5d39f53cdb43fcacbf15810"
"public/assets/images/flag/flags/1x1/bh.svg","276","102fe27e6c59f5a1ef9a255fac1312af5828e9fbaa17c5b27d197c09eb88d05f"
"public/assets/images/flag/flags/1x1/bi.svg","1052","9508881d785b4c75ce629481da0d24669da4cc84432ec431aaa159e7e54fb6a4"
"public/assets/images/flag/flags/1x1/bj.svg","501","2cbd64262dc8dc3a9f307e5a8fa9f01c9c22b4cd2532f8c4d65f4251b688f3a0"
"public/assets/images/flag/flags/1x1/bl.svg","289","025f596f7967a6cb7f216267d67f1fe406a61d4a6910375e3c64f15f72da2dc6"
"public/assets/images/flag/flags/1x1/bm.svg","22390","130ba5ef4db8c9fe31d1f3e79f3a860c823d153b278c7b93683766c6272ebe18"
"public/assets/images/flag/flags/1x1/bn.svg","13471","df47fa9c23b4c19c777eda457d6522cdefc86cfb5d8a5207faf298c273f3ab14"
"public/assets/images/flag/flags/1x1/bo.svg","104728","d388615d2cfc11cf34f84dac92a32febd3bfd50d2b01c45130618c0154b4aafe"
"public/assets/images/flag/flags/1x1/bq.svg","225","83723941d3a6c804865e1aa7980b0b4989a3f53a89a3edab4f02219d8a4da0f8"
"public/assets/images/flag/flags/1x1/br.svg","6746","575ab789b4debbcf4ba10561fd9c8a16ca037b3384914e686b4bc597bb0bc5e2"
"public/assets/images/flag/flags/1x1/bs.svg","579","58cdb6c98d292f4193818f403c8f7faa3d505f0fdf9acf10cd21c28f956ca149"
"public/assets/images/flag/flags/1x1/bt.svg","24503","b2582c2c800effe156e78f5d3fa39824c58401d8d83f860e6ee00c80b9f71391"
"public/assets/images/flag/flags/1x1/bv.svg","585","342b164c31347ddcb3220091306ee28fdcf3fb99af0b087140c66839acc90bcd"
"public/assets/images/flag/flags/1x1/bw.svg","266","6c89aad043d35ea2788e3d78d7ba440d2f23da9542a28aac6c0f6e83c52405f7"
"public/assets/images/flag/flags/1x1/by.svg","2082","821cf65558d95da1fee25bc609932dc2a6d29708e2c2a378bb68b641a061114f"
"public/assets/images/flag/flags/1x1/bz.svg","42677","ecada95632b615088a5df18eb68ff4f5314383bec32e0844c69d71052bc7fad6"
"public/assets/images/flag/flags/1x1/ca.svg","632","f2b1a3d94b306b82f6202eabbec300f61bd23a240123c61487800700ee3330db"
"public/assets/images/flag/flags/1x1/cc.svg","3055","efbeb0cdab791ed85d906fdc94cc45985f2ffca8f1097e1183032a8b88e1bf89"
"public/assets/images/flag/flags/1x1/cd.svg","498","64c360bd7ff5ac608482e056b3d077e3db8f5ac99c9e04cfa89304df35348887"
"public/assets/images/flag/flags/1x1/cefta.svg","908","0c277cae273167ab086bdb689b438e73ca0c84f656f2627dc476f7f54984d248"
"public/assets/images/flag/flags/1x1/cf.svg","635","2e16b1cfd08e04f6cabc2634a9589f923fb5687029b537fa9ff9aba8e736366f"
"public/assets/images/flag/flags/1x1/cg.svg","461","9accb522e210b64de8977817a0322c8f70bac36b240d6062de843142d7cb3f0a"
"public/assets/images/flag/flags/1x1/ch.svg","288","be4b8257f7ce4ea46d7f97b3ad9b3a9222be4dd10f9d8aa83b9716e2fca9b5ce"
"public/assets/images/flag/flags/1x1/ci.svg","280","c3f20b8ea664ccc683f0e4f7c0cd79342c4773d08e74716df0cad63805bf198b"
"public/assets/images/flag/flags/1x1/ck.svg","1857","e54574957f4edc567b2b8ad53492edccb5548b33ba38080665591c0c2e2f7344"
"public/assets/images/flag/flags/1x1/cl.svg","566","b1ef63f141b8fc7d584a4d75a90b122643530ceb8c21294c2522cc71e445c282"
"public/assets/images/flag/flags/1x1/cm.svg","840","0899a6100d2cdf35349f1f56760976b5db04535979e84f5cec8064bb800abd27"
"public/assets/images/flag/flags/1x1/cn.svg","751","b63401f452c90b70b8526d3bbb484f0343887c833a0fe61e755d2995a9d8a8f5"
"public/assets/images/flag/flags/1x1/co.svg","286","596558a2df116d8f25ef8b298d9ebe01f65bde1d699b5d60c7b6df3b8742628d"
"public/assets/images/flag/flags/1x1/cp.svg","289","7dfc8de436c1225963cd1ddc585293b244e9952d7a993b7a57b839c16379da7b"
"public/assets/images/flag/flags/1x1/cr.svg","290","b70b33c4cce86afd95ebb368443872b06614df803bb37618cb8b7e8e36176571"
"public/assets/images/flag/flags/1x1/cu.svg","568","0234085b86a3b7a6ac3bbd11e1df24c771288d7ca6bf8cbfb2a0c0c0c20ca1f4"
"public/assets/images/flag/flags/1x1/cv.svg","1360","1f908f34fd41de47c3d5a73185c1e5ef5af32b4bb282a568ce1e40243077f442"
"public/assets/images/flag/flags/1x1/cw.svg","694","f4df53da105a3dfeeb05c51233a7843e35729371932cf252ba5f254c997414a4"
"public/assets/images/flag/flags/1x1/cx.svg","2480","a799a9165e4e9f1805e242b9b74da57eec973e9d5d150c7075fc610344c3dc71"
"public/assets/images/flag/flags/1x1/cy.svg","5510","eea7f79ea01aec7aac230598c78ec2ac7bf7c0993d142ea77cfbbfad89eb6860"
"public/assets/images/flag/flags/1x1/cz.svg","226","5a462b5ff6426e6bd288b1894fe3f77a0272ff70ce08209850edeca476e5c410"
"public/assets/images/flag/flags/1x1/de.svg","229","c02c7eecdb7d56f92354979649cb3ab72a71a66841fa9772e1cf73b4d95e2938"
"public/assets/images/flag/flags/1x1/dg.svg","22719","35ac8e2d3732653e5ec02468d5acaf65e5eed4da5ebd584762c1a6480462cd53"
"public/assets/images/flag/flags/1x1/dj.svg","576","84b1dd7e88ce9cf5988ba9cd48c08a802308018bcedbf2e2529603e6b40e7014"
"public/assets/images/flag/flags/1x1/dk.svg","232","4d7c9c448af5fbec2a418496c14249b9f022f11fcd32fa94a391c5fe8651ca28"
"public/assets/images/flag/flags/1x1/dm.svg","16266","c279396dc6f611e08b4b285b6da5845721609ad3dfdcc311e8b92862b5b4aa71"
"public/assets/images/flag/flags/1x1/do.svg","41336","0079b41e529c62666428fa3b396a5604d916bbad4e77a915b726c99ff0047e2c"
"public/assets/images/flag/flags/1x1/dz.svg","306","73f56cc7a1c3fe47704058421b108af79163a71b1ebd63082fd4bb8ec7ac35ca"
"public/assets/images/flag/flags/1x1/eac.svg","13640","017e4170a9f4bf3a919f31a2891eba130cdfecc9cdf08b99eef6ccc65357cfb6"
"public/assets/images/flag/flags/1x1/ec.svg","29347","398a104d634c411cd30d7a19e4eabd9796b79968293aa418dd76a7d00fa590f0"
"public/assets/images/flag/flags/1x1/ee.svg","233","9fbc0f51a32916819ccc55341c9affb819d3a420855f61323e6f89fd06e4c823"
"public/assets/images/flag/flags/1x1/eg.svg","8739","000845fe2eeb1aa0b3a628b1a1be8e5a904ad30478ed13a7cbf4feb90d7c0233"
"public/assets/images/flag/flags/1x1/eh.svg","587","cc2bf737e7a6d85d5bd3c60716a09760b254e55c2050d6d8100a16b3c2830ea2"
"public/assets/images/flag/flags/1x1/er.svg","3326","7afdecc63f5fbee067c092a1b8f5701262a6bc0077e84f10dd3bbd33eb7086ec"
"public/assets/images/flag/flags/1x1/es-ct.svg","254","95f4033ca7cc4c32d32efb39cb85fbf994c5a76c6e5307dbe6b246ef976cf640"
"public/assets/images/flag/flags/1x1/es-ga.svg","28344","245d1a527b0d0178069acc0fcf1c3c967e4aafc806416b52b71f03da2b1a93ea"
"public/assets/images/flag/flags/1x1/es-pv.svg","428","f608b2f3d21bd6f7ca21e95a837d5459027378cefc93d27bf365fed4b9ea69e4"
"public/assets/images/flag/flags/1x1/es.svg","82149","5b25031dbcd3ea6de9beeebfc1c1b2570278c3eada5f7d90150febe2c3d60199"
"public/assets/images/flag/flags/1x1/et.svg","1180","e3751fb445c152efb0f35dd3af476f944bae71f950b9e48571631fa195f9016c"
"public/assets/images/flag/flags/1x1/eu.svg","1296","019d50bf796fb6931926181b79222422cd06fe8c53842e577d111c1c3ebc0d8a"
"public/assets/images/flag/flags/1x1/fi.svg","237","f40640890ae067e39591f8604c580b5ac07773747df3aa9d88d404ec9a1f576a"
"public/assets/images/flag/flags/1x1/fj.svg","24137","21b1a9fac378f6534ef14652acf13e6a06af4d2d820d9fe40e7d9561c5e80336"
"public/assets/images/flag/flags/1x1/fk.svg","28489","223b7bbc66decd2e6abaf19b37da466a3b6cabc445457b7ab5708187ac1df5f5"
"public/assets/images/flag/flags/1x1/fm.svg","760","3113102bdf52f955e3d3bd7a9f0da609d247942a69f8d1358c8e915a2d52cc2e"
"public/assets/images/flag/flags/1x1/fo.svg","527","40e76821c4d2a17fe5951eb3485e857e42eb236b7551ac802c75274dfbd58e67"
"public/assets/images/flag/flags/1x1/fr.svg","231","5cdc5047e8825c0866bc1fb9c69cb3b4505fc32c379fefd05db2d1b483b01f20"
"public/assets/images/flag/flags/1x1/ga.svg","275","cb2951db6c60270e7c138a50e922092f5ea1ad8e9653b9c7c5b08d134ed3fedd"
"public/assets/images/flag/flags/1x1/gb-eng.svg","229","2dd36838e27dfdd3a70160a69b2f7272b4776286598276b8870bddb527dda287"
"public/assets/images/flag/flags/1x1/gb-nir.svg","23917","0df06270296e6f2f468a3e6df0bc0513b612b2fe99c6009a8fa3ab169e1fe7d1"
"public/assets/images/flag/flags/1x1/gb-sct.svg","236","19ed371e15a7cd92772081ce2ca9f24983273a12c99f6f7db48d4c7b424b3433"
"public/assets/images/flag/flags/1x1/gb-wls.svg","9009","f4a5d2e86452ed15f27c442858f1ae36d11019cef88d99ac4c6921c01992043c"
"public/assets/images/flag/flags/1x1/gb.svg","505","c9024642b4a233b316ddc9a0c395d7b25e71499e53d2ecea0d5b89a8202c7b81"
"public/assets/images/flag/flags/1x1/gd.svg","1854","95cb79d0cf77ae5dd84c7908fc97eaf6c4f4215fb17b20555488eda807d29704"
"public/assets/images/flag/flags/1x1/ge.svg","1442","05f9a3cb89e49bdebbddfe407cbd3dd63ff5cf4f4c9cec3708a3c35843706f7a"
"public/assets/images/flag/flags/1x1/gf.svg","231","7643aaa71428ad23d8c35979fbb949c037f5bd599e26957ebd561526bb9cba16"
"public/assets/images/flag/flags/1x1/gg.svg","634","ca797ce57bfb2971fb5002be6d2ff764bc4e98e4d1135ff955446209cae074b1"
"public/assets/images/flag/flags/1x1/gh.svg","308","5797d82d17e9001179fa49fb1696a9aaba147a1fcde281b334ba6ae956845fa4"
"public/assets/images/flag/flags/1x1/gi.svg","2882","be47ba3f8b37944de5cffeb5ae0fe4a597bd2592399ee092172036d50bd1f321"
"public/assets/images/flag/flags/1x1/gl.svg","237","debe7773335796299397cad164274b69ca56169ceaf595145cb3a46ce513cc20"
"public/assets/images/flag/flags/1x1/gm.svg","379","726e760b0f9657ba229fdeaf3932eac2ba094abfc22aa5719e8c4c7244118f80"
"public/assets/images/flag/flags/1x1/gn.svg","292","8d20e68688e9f07f91b0b16c8486d8b654a719ad2c9e4c3a017acfabf51b398c"
"public/assets/images/flag/flags/1x1/gp.svg","231","5f0e3566b181432ee2673476a759d1047a2058c136aa2b0b1ee33339dbe1069d"
"public/assets/images/flag/flags/1x1/gq.svg","5074","d95545234a8446901cc9bd1523be0d656feb1539bb9dfad849fbd0d69d14f098"
"public/assets/images/flag/flags/1x1/gr.svg","861","a4519d9835e682ac9ccea8c4dd681b139f22f13f61bf2257f88895d858039575"
"public/assets/images/flag/flags/1x1/gs.svg","31922","5f9e0729c5a9aa653a8973487a19df26f6c79119e67dc3ab0a2d0da4b6e8d625"
"public/assets/images/flag/flags/1x1/gt.svg","31352","a3c7e6a841ac5d5c18e07d09482b99ebc23e2254fb05e55ffc9dd707ac1f18ad"
"public/assets/images/flag/flags/1x1/gu.svg","4190","7f53fc7634675c9b06f578bb1a6722611e366d44176f646fe189c0b11fffc3f1"
"public/assets/images/flag/flags/1x1/gw.svg","921","8838eee689e9d7f50c8a57f1e1eb6db3c9d9e977daf335d97bd26198af33b3bd"
"public/assets/images/flag/flags/1x1/gy.svg","481","4564fd570c60960fb3e0aaf8f82cf6c047ce485ede590c8a3eeee9249ea0f4d9"
"public/assets/images/flag/flags/1x1/hk.svg","716","cb99edfd524c8cce7138169048e8d084f5954650ff1216dca1da3244da45840d"
"public/assets/images/flag/flags/1x1/hm.svg","1256","6c716b744de9e38746e33d0a00a33492a81e7f44629afcd5ffbdd88a21eb0fbd"
"public/assets/images/flag/flags/1x1/hn.svg","1147","545c93c9f9e361604b5ae8a54028e10e84ee6284bb8d74ef67c50baef8cba63b"
"public/assets/images/flag/flags/1x1/hr.svg","31284","8bdbc317d1dfce6db912cea26309f8e68c4d1f62a9b87e9392f310ae3a090689"
"public/assets/images/flag/flags/1x1/ht.svg","13459","648e31fd51e97227fa927d81c344a531685d1a83d3eef71051cc88c0b9d3ec9f"
"public/assets/images/flag/flags/1x1/hu.svg","273","9e6bc6d77a4693c644cd5b76baab3840908e486bbedc37d175be3568ec4497d3"
"public/assets/images/flag/flags/1x1/ic.svg","286","4e5a5e63a82ed26f4fee0325f0d1da8064843180fd8709ca28bb4c047685a1dc"
"public/assets/images/flag/flags/1x1/id.svg","178","b8cd30f235dd704eb6b82db622e8152a927d075c1d32e8cac885c2eb20bdd989"
"public/assets/images/flag/flags/1x1/ie.svg","289","860168f557f3a0d0a878d7a7b2019b2e854a3246c54c7e87dc3c0c13007ff97c"
"public/assets/images/flag/flags/1x1/il.svg","788","8cf0b4af7e8c7534e3d0495f29bdd9a94d0acc8b177ad5d1d7fd5283dea12919"
"public/assets/images/flag/flags/1x1/im.svg","9700","89a2a18e91e4ff9c55561efb5b2be2741177e4438acec5109211d9e5f9c5eeeb"
"public/assets/images/flag/flags/1x1/in.svg","1103","455c32f2162d1271bab344c44350e02967b644468d5592632030086b2fb40e1e"
"public/assets/images/flag/flags/1x1/io.svg","22719","d6e97096bac8f90ece9a669a65b5dc7439fde87e26a0063a953e077348edcb27"
"public/assets/images/flag/flags/1x1/iq.svg","1425","5564cc73eb033a1a3a0e38e3088861c7f6cf673595dd758023ffd992bc20556a"
"public/assets/images/flag/flags/1x1/ir.svg","15297","7b4bc7694575a7f191b137222a90e36c016a0103ff8fb1f8ac8836c4279845df"
"public/assets/images/flag/flags/1x1/is.svg","520","e1e1c2007b5e80f304b0e6b9c79af915193d4a1331620628bbd2990db6562eed"
"public/assets/images/flag/flags/1x1/it.svg","289","03086f2e38f798754fee6c078bce35b807b600acb15a7ed1155fdf3a20d55abe"
"public/assets/images/flag/flags/1x1/je.svg","35029","994ec9677b5b5df76edcbee18bbbd2a6894bb02b6d33a72b098e2bc0207457b3"
"public/assets/images/flag/flags/1x1/jm.svg","401","43b63284607d0a3e09a60af9915bccf31277fad157f789e09621119af8a50fde"
"public/assets/images/flag/flags/1x1/jo.svg","702","0ec98db357f4d16b33278fe8dcdf70cee08f3d5c94329788f17c959900ab705d"
"public/assets/images/flag/flags/1x1/jp.svg","485","2bd3a486bf7a5be31a4ed510b78dc404bf1d5b43d36d0708e9437cbc41c44fb3"
"public/assets/images/flag/flags/1x1/ke.svg","1529","f572211e8cf5a7b965a4a3352541309686c26dbf1ef8ab9537b21d2e179d3f29"
"public/assets/images/flag/flags/1x1/kg.svg","4793","e2acd961489feab257334e674e32435f9f8fd609c1146de3778cb633aef4d67a"
"public/assets/images/flag/flags/1x1/kh.svg","7123","ca56fe9de036d07e48d4292acbfb2d5de8d2d925a93db77bb6c726ec5ad913c4"
"public/assets/images/flag/flags/1x1/ki.svg","5806","7449c0be2c02a7ad3fe3723b476d7fc850a58022ed9e3b38d7b59a8e790812ba"
"public/assets/images/flag/flags/1x1/km.svg","1031","6b31a1527b73bb4735be7d8ab6782db27c9b72886145c97139512008553d1e94"
"public/assets/images/flag/flags/1x1/kn.svg","815","dc5eff370c714efda10632601f6db32d056a86a5953112f01fed0d6c3904cfab"
"public/assets/images/flag/flags/1x1/kp.svg","847","f5c28e4fb3dc818d8318633e9a06bf93c31fc2ae10dff5e08b57abc9d71c9bc0"
"public/assets/images/flag/flags/1x1/kr.svg","854","b6296bfd41e2dc402329ff831cd69d8cece37c5f65541af84805ffd3524152b7"
"public/assets/images/flag/flags/1x1/kw.svg","521","adea2b13cc833d6497da629b8516f588cb09fec64c7401a71aad3fdc2cb62334"
"public/assets/images/flag/flags/1x1/ky.svg","23372","e6c94ec4171a0813fa7ffb83a197c814014b3c7df8c2d26d3051d6b51a00e6cd"
"public/assets/images/flag/flags/1x1/kz.svg","7096","4cfea6754404a97cb519aec737a19204afa133d70e9b7fce2f4df0deea911ef9"
"public/assets/images/flag/flags/1x1/la.svg","505","db27f2de624500f0600c9c4f6e110fc70d90aa8ea36ac4c440da1e99fc99a639"
"public/assets/images/flag/flags/1x1/lb.svg","2719","a6977d894b754dbc412ac0f399fa2d7393a2788ddca6dba7e5dfd511b4c7f18a"
"public/assets/images/flag/flags/1x1/lc.svg","362","f967e635bb16ba4c03c8987cc5aa7de089a81d6fb8753319762f4c5b8b08021e"
"public/assets/images/flag/flags/1x1/li.svg","7340","6d84c94c70b0d6212e377b78a23b0ba24664f91c3ee5accf6984bccad31dbe19"
"public/assets/images/flag/flags/1x1/lk.svg","10736","e73e2c43987d92d748e7a5fce2f72e5bb681c61902db870b1db4be190db1f150"
"public/assets/images/flag/flags/1x1/lr.svg","686","144dca7cb1010c793e6f98d45c9e8bde109b43506c16d5207097ff7fb0261c99"
"public/assets/images/flag/flags/1x1/ls.svg","1137","a9f631a24f0d0589a8dec188877d2dcd2d4abdcfff668fdc648918522f66e869"
"public/assets/images/flag/flags/1x1/lt.svg","439","8ef0e9cb11cb2d75200380902f6ef02e253bb8008990163fed1f37088f744a5a"
"public/assets/images/flag/flags/1x1/lu.svg","233","02b43c1ad21460566b963fe2b718de9d1c66b88fba63ee3fc1846974ca67f296"
"public/assets/images/flag/flags/1x1/lv.svg","234","f4e0567ee40ff8209dc18b47b4c2bbe5f75a8e3f543cafc8c616e22d94bec356"
"public/assets/images/flag/flags/1x1/ly.svg","547","66bc7151a7ac1476624630325bc6563b5e600bf4269b4b6c7e4273f5ff31ef80"
"public/assets/images/flag/flags/1x1/ma.svg","246","8f1a0be29fef5aa340082603049fd8968ce6fbe43a35519c8686c0c4067a98db"
"public/assets/images/flag/flags/1x1/mc.svg","234","c3aaba7e71561f53771a06cb3d3a00e9506a1efbfa4785a743567d72cc891b97"
"public/assets/images/flag/flags/1x1/md.svg","11239","69fa1216c60bb4ce9645f408b8b56651fd2ee9b09cd31c354352540fa2b4dabb"
"public/assets/images/flag/flags/1x1/me.svg","56950","9839903796f7ed08b5ba6000cc22b21ddaecf3091c1fa379751e535ea3442c2c"
"public/assets/images/flag/flags/1x1/mf.svg","231","65d7d1af34ba6e92b31480c4f4f0d8ce8a977b3eae10680687cb35b4438deea2"
"public/assets/images/flag/flags/1x1/mg.svg","299","f16ffe668cf80c7529d2cf847934814e3f744336df59e28964e70ae328e79e47"
"public/assets/images/flag/flags/1x1/mh.svg","753","e0445f99816252982590584b23b42a3cc3cf413329efacb78579ee15eb6058d8"
"public/assets/images/flag/flags/1x1/mk.svg","407","8faba0525f8e95d524546aebf20b1dbdcc40e98b02636c502167ec5e57703007"
"public/assets/images/flag/flags/1x1/ml.svg","276","34021383fae18ae716576e1eb986c68fa5a73d90c9ef8cec3773742df06fc7a1"
"public/assets/images/flag/flags/1x1/mm.svg","707","ea2756fc2eebc7bb846220bf3fdd1f1e71b582c343d66681c49060bfe84721c5"
"public/assets/images/flag/flags/1x1/mn.svg","1370","f5f4048cbc39a601c5b80c1d42d4896a77c5d6899c3388a651bf9990e90cb820"
"public/assets/images/flag/flags/1x1/mo.svg","1385","490b6c6dbf8b97c8e482ba9d0c1befd81985d1db935c476ec2ae2075308bb77f"
"public/assets/images/flag/flags/1x1/mp.svg","22795","147f0be553704778969839bf7e392a2a56b08f70b7ddbbcdd995b02e7dccc9fa"
"public/assets/images/flag/flags/1x1/mq.svg","226","e58f72793c8d658debc238d5938add4adeb65dc9786596939cde4aa020297b38"
"public/assets/images/flag/flags/1x1/mr.svg","430","21c0cd8c4061377de9d76db2af09b4257db37c8419d3e3d5e533347997c476bc"
"public/assets/images/flag/flags/1x1/ms.svg","5911","59f0b967a1418ed396af42a221e5cbc1808ffff08fe3b3b9319398c63d3b46cd"
"public/assets/images/flag/flags/1x1/mt.svg","12710","9488845c33fe7a5cc08f8056a7583d0b300636f535cc76abda1702ebe89b79e2"
"public/assets/images/flag/flags/1x1/mu.svg","316","3a73b077dcfa0d56a9e1ed2f0e6a09d97838f2d4e9a1a0e79c8bf410e6488a5b"
"public/assets/images/flag/flags/1x1/mv.svg","304","ecc358a3a4b64877e8868f86854a0a278f3435ee7e0c0f55839c8b18e9f68960"
"public/assets/images/flag/flags/1x1/mw.svg","3766","ab8e10a906a93cae077e3b34eef878488565b90cb602e0e2b0b106a317101a82"
"public/assets/images/flag/flags/1x1/mx.svg","80207","4768f4c45dbfadcd170a789796d022074152227d3c9722d937d277ddc5be35b2"
"public/assets/images/flag/flags/1x1/my.svg","1161","855239180133f98046893a144679d56a44d4637766d9e89fc11b0571ee67b2c1"
"public/assets/images/flag/flags/1x1/mz.svg","2544","aa3b3d6203d7a42b690a4a189da79b9d95e1848cdc4c3811869c21dca9d86d80"
"public/assets/images/flag/flags/1x1/na.svg","949","eee4a9b1762478831739cf0fb76b5e73c1891f201af63a6eb7af06648f0de73f"
"public/assets/images/flag/flags/1x1/nc.svg","1318","df2abea6f014b6f9c763b7a0e5f74b2a7c8abba9696ef7b48dc6d6b7cbe7fcc2"
"public/assets/images/flag/flags/1x1/ne.svg","279","c92686fc69fb391e02e11487c51862724764e212bd2d2f75689332d8fe15a239"
"public/assets/images/flag/flags/1x1/nf.svg","5374","704e4087100cc1c8e57df7256a604b8ff2baa56ceba9c1df869ea7b195197c70"
"public/assets/images/flag/flags/1x1/ng.svg","257","a41dbb750a93b493414dd0231e7321504dff0761ceebfe77c60d2bc32dee1252"
"public/assets/images/flag/flags/1x1/ni.svg","17293","4cd79f2d8e9bbb972c4a4fe9a1e5f5c04c96c473545bb273b70289197b014523"
"public/assets/images/flag/flags/1x1/nl.svg","233","d99b87e81ac93d1ce0cd5b22df5eab3b219f49f7373ff1bfee2d2629d3b52653"
"public/assets/images/flag/flags/1x1/no.svg","318","55fc156481df6bae1caf426dcc4c754fa8999bfdf6855a345ec6d69ee4cce160"
"public/assets/images/flag/flags/1x1/np.svg","1132","ba25a92555ba89507f637ed75c10a5517943c42aad1e9a37821cbd7e6cb223a0"
"public/assets/images/flag/flags/1x1/nr.svg","669","c0fc69e76052537c5defa0d80de18f1b623cfe8174be90d791116d482e252988"
"public/assets/images/flag/flags/1x1/nu.svg","840","93e802acf2afdc580698112ecc6db7bf3acc10cdab277b3db7ec943a9ba42a9c"
"public/assets/images/flag/flags/1x1/nz.svg","2153","9e6e1d5e93535fdc029d9cc64c1acab7e08684f77efa5c940117f78693d13923"
"public/assets/images/flag/flags/1x1/om.svg","22207","f2a825767dbb62a5d93817b6702b5127861cb98798ae39ba861a8a3618138242"
"public/assets/images/flag/flags/1x1/pa.svg","641","0a61ba059d9ad2aef39ebef5a81c4df87570678a755ce49ad41e270d107359d5"
"public/assets/images/flag/flags/1x1/pc.svg","3789","d8fd60825adec242b1069291f04570c1ab6ecccbd1cd6abe1ef8ed9e18b83851"
"public/assets/images/flag/flags/1x1/pe.svg","186","c98524841c8a14c96bd54b75c6b94d8d25d15fbd090dff168d4143a4e692149e"
"public/assets/images/flag/flags/1x1/pf.svg","3995","5de180b952196d7960db9803a4595bacc1705d3bc08f2526c948bebf2ecd2e6f"
"public/assets/images/flag/flags/1x1/pg.svg","2083","c269210abf63f0a6473d29619ac71eb5662b6e8eff41c174b5e2a4f60fe3dd13"
"public/assets/images/flag/flags/1x1/ph.svg","1426","dfbd8f176080dcab71c9f69280f75ea1d4c0ddb4c3ef7ed6815d1f36fea3f7e8"
"public/assets/images/flag/flags/1x1/pk.svg","677","0e6af6f3df942e03ea73c5a159008b9c35024c0f945a5847bec48e14decee493"
"public/assets/images/flag/flags/1x1/pl.svg","219","698cda1f47e0e7935be4faca29945494ece4cb78516bd9648fbb8a2d3e4243c3"
"public/assets/images/flag/flags/1x1/pm.svg","231","498e2e9676db02b066e6c41c551277f64b22fb97a1ffe60c1740360361043de4"
"public/assets/images/flag/flags/1x1/pn.svg","13441","ca5c95d67d689d918b095c02b528bb9fed4dd17f59f2f4d2cd21bcb3e3d3c707"
"public/assets/images/flag/flags/1x1/pr.svg","608","044ecbaa3da9c0a34ecb438c8a53ba4b46344cde1f16fe21fd06cba844bb2230"
"public/assets/images/flag/flags/1x1/ps.svg","282","9f13a50153eacb65a40a2bb8486b1d329e3c92c0286debe30cf7d8f2fea8f0d0"
"public/assets/images/flag/flags/1x1/pt.svg","8369","447e9ee995b6601fd28fc9fbba4f9b2b656fd007642dc5bdac0f75d8ce6b5899"
"public/assets/images/flag/flags/1x1/pw.svg","511","77185a594079f8bbbd8d673401949a7aaea9164b85f4c7609c2932766eda20d4"
"public/assets/images/flag/flags/1x1/py.svg","16361","da9d1c90054ff60bfc56a85fb7703085c434d7e016a88c6153572073d59e6490"
"public/assets/images/flag/flags/1x1/qa.svg","351","d151a4cb633ff56914c58b6a46b54559b2faed6cbf0a3d59262c584edeec7286"
"public/assets/images/flag/flags/1x1/re.svg","289","a5347d1aa06a5fcc4961e13bb13da25ff1e59c1a226f2f2e912558b8bd038fd3"
"public/assets/images/flag/flags/1x1/ro.svg","302","b56a867aaac5c463cce1afe988fc0b173f19b91f2f3687b9be0757b2b65bfe6b"
"public/assets/images/flag/flags/1x1/rs.svg","181477","4dbe08eb843aeb7831687ff208c1ef6ce1ee62bd11c8f0a3da1662c11d6b9fd9"
"public/assets/images/flag/flags/1x1/ru.svg","233","b89b2309c2232c5911a2b6404dbad96a163113f9379d94d371aade8b140aa535"
"public/assets/images/flag/flags/1x1/rw.svg","756","ada409bbc2058de1b556015724836c635f314272087a05185a28e42eee15ae8f"
"public/assets/images/flag/flags/1x1/sa.svg","9853","fb8db5b730bb694fed28fbd0a8322a2e16e7bb79d36b1871f5954420f8c132ea"
"public/assets/images/flag/flags/1x1/sb.svg","947","d089e4d966ad3d43d25adee7285b4ee80b1c94fc325c24eaf16854f52afca635"
"public/assets/images/flag/flags/1x1/sc.svg","321","4363a8189f07af5db3c461bc860ad0b2263a674dafba949f98f5b199adf0425e"
"public/assets/images/flag/flags/1x1/sd.svg","507","61d673bea4cdf9ed1dac9964d0a7276def36073aba6111fe9b167272ab2532a4"
"public/assets/images/flag/flags/1x1/se.svg","223","73e67d57e9ea2340ea776e67e52cb4aaac8511a3431374aeca75e872d9e0f35f"
"public/assets/images/flag/flags/1x1/sg.svg","948","4aa6c197be34ce63c04b4d5d332544645ba2de420d1ac348de32cbddd4932592"
"public/assets/images/flag/flags/1x1/sh-ac.svg","140519","9b67449bc186c7690809cb44d3513fe9597e67dc884b269c18e7a41973332b01"
"public/assets/images/flag/flags/1x1/sh-hl.svg","34779","b9a0fba9a65359f1ce963df4ce210d0f8561e43680d1c34046d23669e95632bc"
"public/assets/images/flag/flags/1x1/sh-ta.svg","28290","305f501f1ec9ef655a2b7a816d27e97e9b9db748c7607ee8317487febd00669f"
"public/assets/images/flag/flags/1x1/sh.svg","505","ccb1ab6370ec48819aa66cbf18bb28b9bd32d41808a813744dfaaf4d50b815f9"
"public/assets/images/flag/flags/1x1/si.svg","2013","4eccac5a43946c5ab195db77a8431ae1ec50254da68a10820d9f3fc9ca22bbac"
"public/assets/images/flag/flags/1x1/sj.svg","318","880802e4b499ef82f7576f6e8e3f9e97c8bf7ff3a8445d4357a213c0a273fe97"
"public/assets/images/flag/flags/1x1/sk.svg","1161","5ad0da475cbeeaad7df1fe219a5fc3eb5b8d7d09cbe79bc5ca9ee10957da628d"
"public/assets/images/flag/flags/1x1/sl.svg","441","feb8b9662a3730648a44ba7f44725ec983853d1df85ba35da413bc5af759552d"
"public/assets/images/flag/flags/1x1/sm.svg","15544","fdae467bdd55388e22f3307d2862527b5d2a2ab5ac365655426fd94f913a8d18"
"public/assets/images/flag/flags/1x1/sn.svg","411","2c7a8737ad7bb0004545d69879176a97ef1915eafb6ff7df3345778595817aa9"
"public/assets/images/flag/flags/1x1/so.svg","489","cdd8759b2d2699be45166b2dd753e8f9561e4dc27f4261eb70a75120326c9c65"
"public/assets/images/flag/flags/1x1/sr.svg","317","81b545815b67b7332688f2e484b74a8563070c256fb17a5dc846b4f69ec1fe68"
"public/assets/images/flag/flags/1x1/ss.svg","409","2f87b25917c7ceb66d8172092a627bb9b7f325840c6bf23843de12cadcf30eaf"
"public/assets/images/flag/flags/1x1/st.svg","958","73d3798d204f0cb1985ee8040d373273f5e58b20450f03001ffd58ad61d67740"
"public/assets/images/flag/flags/1x1/sv.svg","77716","7f5a14e11cf192fc01f97e99ec37bd51776279a5c828e5a7e3e47c1d4ece41f7"
"public/assets/images/flag/flags/1x1/sx.svg","12155","737847f43decea0546b9a4044428306017edfe64808411faaf4b422c44437ec7"
"public/assets/images/flag/flags/1x1/sy.svg","392","fc5abc60a74b34f284a1ea6bb14d2c882402843dfb0c2e712465f50cfa221921"
"public/assets/images/flag/flags/1x1/sz.svg","4633","4f78b1b7499e751fe07cb3b29f9519b3ddcebcef511bb239ffa780f615993c51"
"public/assets/images/flag/flags/1x1/tc.svg","7093","f870a946e644d3797c7b657f81873890b281ccc5bf6b902088ab0e0df226a9da"
"public/assets/images/flag/flags/1x1/td.svg","283","f5c38f022b444ee8b24ad877095c33d30639986468a122a7f617e88cf6169326"
"public/assets/images/flag/flags/1x1/tf.svg","1200","9249adfa94f86143139f383f9f57f631421cf1ab27f3b4f32e499471f66e7fd4"
"public/assets/images/flag/flags/1x1/tg.svg","718","c5c4b191349f03566cd0838b5813e25c96792a924bc0b00f19f3c4aa293812b5"
"public/assets/images/flag/flags/1x1/th.svg","285","bb8a18d60e72fd5781ff32d8642d7399ee0f3370d24e0c14b97a59e52fcfa4f6"
"public/assets/images/flag/flags/1x1/tj.svg","1812","29eb9e2ba92e17434ffc44c99d2ed34f4e920e3f9939d1f64f8da0153dd4eb15"
"public/assets/images/flag/flags/1x1/tk.svg","751","4c43320755ec2d94bab13b36441000875efe633f00613b7af12812918f633a59"
"public/assets/images/flag/flags/1x1/tl.svg","590","caf45b7306f8d615e17381b7e3e5636f7fecf9d93d814c74875d737e51facdad"
"public/assets/images/flag/flags/1x1/tm.svg","38220","73941c36979ccd4ff905b405c07a6c0919258dde797b86d41af1cf905561c76c"
"public/assets/images/flag/flags/1x1/tn.svg","339","bddf1a6c94fbd9ea0d90c06fc127c0baf7fe69c19f505283e9a9600a43090a55"
"public/assets/images/flag/flags/1x1/to.svg","358","8f2f476bf5c6001dfbc2d17605963af30d534b76c87bd1aacb881f928750618d"
"public/assets/images/flag/flags/1x1/tr.svg","561","d83c3693b0629a1274ec11247b47c6dc569ec205f12a6b6b46ab206b9cc2a247"
"public/assets/images/flag/flags/1x1/tt.svg","312","4be02a2ca0d7bc4c4285f082516b17b21b9fdc881cd4f56ce9d2c03be3480395"
"public/assets/images/flag/flags/1x1/tv.svg","1342","7415f816aeb8e4bb02461acee4b02debc31b9910fe2436e30896d40e4e041ab1"
"public/assets/images/flag/flags/1x1/tw.svg","2506","c04cf00d3059d066c2c35a8ee4aa92422e1eb40524f825a98d92ee5234319d55"
"public/assets/images/flag/flags/1x1/tz.svg","611","0c1241a5b84a0d01987acffcef02f4d2c05af69a9d567bb1926284b505d31d09"
"public/assets/images/flag/flags/1x1/ua.svg","232","fd9ad29bfc8e063afc8f6b5a89c618a2dcfab43bd87a817e76c7e8a3e93cc2f3"
"public/assets/images/flag/flags/1x1/ug.svg","3992","add8dfbb1ab863a0ffcd677de8abb1888c4dcc60f070ad512c8d3c71eee08db3"
"public/assets/images/flag/flags/1x1/um.svg","650","32796aeb66f59ec264b7ca96a96851c78afefa919bffb3c5daf2bb27ad0f5786"
"public/assets/images/flag/flags/1x1/un.svg","19002","fceb875f66ce43572fb6c6e7e6c5bee562281a29e0d0f3afa4661de897a1d795"
"public/assets/images/flag/flags/1x1/us.svg","650","633325cbe879d698584238b9955d850b4a34e7c5dcfb7622bad50cec119214e5"
"public/assets/images/flag/flags/1x1/uy.svg","1721","560c003da350e22cdcaf66ee3d47bc2b0b2e6c6d4d0fa3ebb3dbf734cf6f3d8e"
"public/assets/images/flag/flags/1x1/uz.svg","1497","8f09f1feddfc4831170ff92df0c6423e7453f74dbf786476abcee02113a72edd"
"public/assets/images/flag/flags/1x1/va.svg","28659","ef3d65a321288700899dccaa7804c7179a5a64b5dd1bae0996e53c1c28e50734"
"public/assets/images/flag/flags/1x1/vc.svg","477","31d13bf0573518e29a5bb7928cab08329729a02d8eea4adc2cd6d812f126fd34"
"public/assets/images/flag/flags/1x1/ve.svg","1225","9052562f17076048f2e0d4ac79a7ddc3b7ab9de370d252eca078cc5ca3c8e136"
"public/assets/images/flag/flags/1x1/vg.svg","9995","c50b1ba49f4237d44fd899a644904d1dd4c977aa8618c0ec7841d8afa36af998"
"public/assets/images/flag/flags/1x1/vi.svg","8445","85436b9002613c31818ab3740b96770d003495a1a222f0dd7294926ac5142617"
"public/assets/images/flag/flags/1x1/vn.svg","489","7b590ecf89d2bedcedf3557c28e1d1b859e8149cb18764afa0e9cb7365f3ff1f"
"public/assets/images/flag/flags/1x1/vu.svg","2011","a470052109245595c76fd97182736fd6427bfa3d254b7c7404dcfd5e6e0c7015"
"public/assets/images/flag/flags/1x1/wf.svg","231","da8ca66ec67ede156fd3ccbd15165ba9721b901a30637243b8bf687ca829e1cd"
"public/assets/images/flag/flags/1x1/ws.svg","699","48d15d76b7b6d084bd82c78f555dd880124d98dfb41f4363e896d30b24a42cbf"
"public/assets/images/flag/flags/1x1/xk.svg","7735","2256cd1d31b751430a8b5b32f4eb12df1d86c17fd48b8965f943e7301f290b24"
"public/assets/images/flag/flags/1x1/xx.svg","241","84717c7aa447193d13046f2d6e6d96c214a1190d7589533c44d4761eabe57533"
"public/assets/images/flag/flags/1x1/ye.svg","287","8ff200c97cbc31cf8a105a53468f9beae6c3033a25ac9a25ef74625bcfbef11c"
"public/assets/images/flag/flags/1x1/yt.svg","231","5a57b00abc90df5c8ba08afe1483f3756c7cb57bdf470ad5788de054f0a65da3"
"public/assets/images/flag/flags/1x1/za.svg","856","004caac0d5f795a5bc25b4ecdcc1f95f34157b532fb2afa9edef323ecbfd113f"
"public/assets/images/flag/flags/1x1/zm.svg","5312","ac2b6632b9084fc7ebc0af781d5cf04aa3196a8f8cb2e896d84980b63cc7fe39"
"public/assets/images/flag/flags/1x1/zw.svg","6165","ad7a5bcd46ebd756ba9a1449b9e064ff92fc4c13da61a59d293958ca3b08c2f4"
"public/assets/images/flag/flags/4x3/ad.svg","30510","1914f0d751b810056fdde2fa27d5c255082b4eeaa5942f8ac27e48dca3a377ed"
"public/assets/images/flag/flags/4x3/ae.svg","266","3bc52a4aac7c6c68cd7c0a04013fa14f715abfe6958e7a6e3194f0793c9eb816"
"public/assets/images/flag/flags/4x3/af.svg","19192","313a7dd89f3d4bdceae673908ede1bca4a2f1aa0ea3562d8e96fe430d3b4c690"
"public/assets/images/flag/flags/4x3/ag.svg","743","131282135f0f5cfca72efa3a6dc6a3392b5999b5b15e1cbd0f3f73253c24080d"
"public/assets/images/flag/flags/4x3/ai.svg","2304","974c6af4adba3aed291f00a7eddaa8940853f8a7ca9be0c17ff8064714f27c51"
"public/assets/images/flag/flags/4x3/al.svg","3126","4ae4d2950f6a08528639700e48d19930b964478a2548cb9bf41b898c2b757b11"
"public/assets/images/flag/flags/4x3/am.svg","228","efb6cdaad5658ae5024c86b099a96c4e3769028894240f4015cbc090a0e90e0f"
"public/assets/images/flag/flags/4x3/ao.svg","1602","3a4b1f9b0c95729b128ed86c7446ce82733f29ad9f6387e7a2ca951fa488e763"
"public/assets/images/flag/flags/4x3/aq.svg","2782","1cdfb7443088d61a5747d4d7538d3c5bef85cd1f7ec649f5e44e8e4029cefb07"
"public/assets/images/flag/flags/4x3/ar.svg","3461","da39bfbe83fd35fae781f605c4a297b632f03ccf72d4cb0499e86dac8370663d"
"public/assets/images/flag/flags/4x3/arab.svg","24429","ad315ef12a58e48545f16561e7b8d1327e9d6d1e72dccac69b0f280d23b7037f"
"public/assets/images/flag/flags/4x3/as.svg","30449","6f356d18cc09efabdae58579373f5dc89b25695b42cb4e92d7ebc9e94477b81f"
"public/assets/images/flag/flags/4x3/asean.svg","1065","cf29b6a7082401142681b120f79db011796b311e836be43025ec1593d4efac60"
"public/assets/images/flag/flags/4x3/at.svg","195","c0e5cb3c1d59fd002afd6e2b0dd03787677ca3c9e7b2321f4af6d9e28256ebcd"
"public/assets/images/flag/flags/4x3/au.svg","1296","cbb2206c5e59a25d79228306af973666a191e163f0ae337681f447977e6edb18"
"public/assets/images/flag/flags/4x3/aw.svg","9003","6cabd9394138d55a421da65a8a5b7aebd612c5df48d97fd23790ebfbd59bd1ac"
"public/assets/images/flag/flags/4x3/ax.svg","556","1f2bddd37b8663637561e785b3dd0286a9dd6b9966d2a7955ff5d3bfb87654a4"
"public/assets/images/flag/flags/4x3/az.svg","501","33ad245b2125c36fbf0f863b0edd5c85cbef37587900e101db3a615870504502"
"public/assets/images/flag/flags/4x3/ba.svg","1240","b321fe9b47c1cd741c61b330aee66cf00550622a6a9e740161a9f240a14e0787"
"public/assets/images/flag/flags/4x3/bb.svg","628","46cfd88ab5ea96e75627e044d008462586fbd04a346205dfd258984a46ffc27a"
"public/assets/images/flag/flags/4x3/bd.svg","187","1aabb4a772651fb9a673660233d5bc6f3d78dfc71df09d567769bc97b9eb554f"
"public/assets/images/flag/flags/4x3/be.svg","302","d6aff6fa4c913404eafd53f91c0a9b240fcecaddc8f0ac2160d362e38469342c"
"public/assets/images/flag/flags/4x3/bf.svg","353","606b17add6a8aeb9610b06aae674785a3e795c22b564f5a204c6de93753e612e"
"public/assets/images/flag/flags/4x3/bg.svg","225","b6d979fc96dc6b46c1697a5e05ecfe1fac1fa912ed480ca7a2a9b450f087faf6"
"public/assets/images/flag/flags/4x3/bh.svg","252","7a519f58c9007731d70a975a48cc81fcf516ab52ab972f9739eace370431e0c2"
"public/assets/images/flag/flags/4x3/bi.svg","1078","5ef1a56b4ebe90326d6d807bbf61bd2d6f0b752fd6966588cd42471a886307bb"
"public/assets/images/flag/flags/4x3/bj.svg","499","0a46cbae6018acdbc4a485f6b1c4a3df7a7b36680439f6eb5d1bfb957f704888"
"public/assets/images/flag/flags/4x3/bl.svg","231","d511eb84cf9313e11f8b648de6a0122d4fa6c1662b0111890303b7867ad71d24"
"public/assets/images/flag/flags/4x3/bm.svg","22464","65e4636aa41be4ff0613f19d2c56af41a2b43cd44522f83cf3e6d89fbd16aba0"
"public/assets/images/flag/flags/4x3/bn.svg","13340","4fc01eb8e4b3d4776d179cd06dfca4f21ee7ca833751eb564e7943d3203b6851"
"public/assets/images/flag/flags/4x3/bo.svg","102880","ee1075ebb655dd8252ec317827baa0a75cf0a5e4f0b0b35d6e9766b30686d183"
"public/assets/images/flag/flags/4x3/bq.svg","221","23881e6caad00e2f7f8ce50448bf419e1e1c44029db022a4a12d49416469c4d3"
"public/assets/images/flag/flags/4x3/br.svg","7140","b0a912826c3ffd7287435ebed66e18fe058e992309c00dc10b430dd41a29ba91"
"public/assets/images/flag/flags/4x3/bs.svg","557","1f179c39f296e5e3e062114d62fea394ff0ea487bd29cdffbe3837b7238d46dc"
"public/assets/images/flag/flags/4x3/bt.svg","24784","05ff0d4d7258357823180eec1e53baa11846505234f51061a47c2f95641d1f43"
"public/assets/images/flag/flags/4x3/bv.svg","582","d972d58c5ff46de1c76f3bd465f42300bb5777d37be2c006079ce3b3b21aec50"
"public/assets/images/flag/flags/4x3/bw.svg","264","180bfa4e76b78fa7b52bf9f3c8e99d3c1b4aa520b97a239661a8953dc90658b3"
"public/assets/images/flag/flags/4x3/by.svg","2078","a1efa44ad1167d6d77abbe59ce85aa3a68ff4bd57af79454c08a3ade5c178578"
"public/assets/images/flag/flags/4x3/bz.svg","42505","9aef8f4ef9d86bf989fbdd714d64c5440dceaa2bc1a23e493942129022e6b677"
"public/assets/images/flag/flags/4x3/ca.svg","625","345ec9dac057e203f1331b2d3f9f473789864edaee1182a26bc261356bcf72f1"
"public/assets/images/flag/flags/4x3/cc.svg","3119","57265e7cd109321f517c6e8d6e82318f1a82814cd00b9fd405943feb09911bc9"
"public/assets/images/flag/flags/4x3/cd.svg","334","ad93c1afd68e6a7364d141e0989a798e81a202fe4674f21fece3ceea83fd167c"
"public/assets/images/flag/flags/4x3/cefta.svg","910","bfefb0f6ff7870d97d6395b84304931c6eedc79553bbc9a147fbd3c9d66f2b07"
"public/assets/images/flag/flags/4x3/cf.svg","687","1b58dc2035ff0039c82e4dfb16a536dcf74ee09ab4d95b75221d404ad616dc0f"
"public/assets/images/flag/flags/4x3/cg.svg","470","628dcfc7f00ab09cc9074b837863c31fe4472c7c3e17c30e233332d94c37585b"
"public/assets/images/flag/flags/4x3/ch.svg","290","ac676cd39d7032988598ef2dd73f6bebcd767738e3e469705d6a437835ac485c"
"public/assets/images/flag/flags/4x3/ci.svg","277","4ecfea70e4e0860fdb49a523db7cd64431b4da8130ee9038cf87bfcc85c3806e"
"public/assets/images/flag/flags/4x3/ck.svg","1898","b17c039f7195b292265dd28b50f85b3668e28e490b48df760e953e3ab0bc3557"
"public/assets/images/flag/flags/4x3/cl.svg","552","bcf0ccdf0999a1cd82061202988e1f6088c2070e3e76794d67cb375ef325ef76"
"public/assets/images/flag/flags/4x3/cm.svg","840","c9a327dc0e355739a9f2bc0a91e1293f8e08e13910e718bc63fda35a244acef5"
"public/assets/images/flag/flags/4x3/cn.svg","813","981da9bdf82d48e31691f20578cefcb26cf7d0bd95e4ebd5c0df00bdfe988c1a"
"public/assets/images/flag/flags/4x3/co.svg","286","6bab3c96c1657510c6e49354dd40203c69401bee54da497392ab9267334e5fd4"
"public/assets/images/flag/flags/4x3/cp.svg","289","bd880fc59f9db3264a52432cca962e1b2408f4836458677f12583d3285dfacb2"
"public/assets/images/flag/flags/4x3/cr.svg","290","4775ef01d28b8a887cde3dbe2826466ed77c87aae4d00517c99d4977afdbdc20"
"public/assets/images/flag/flags/4x3/cu.svg","610","15013e0bb414c074af963bab167806dc81b7e1bb6dabc05dac20b2583511e535"
"public/assets/images/flag/flags/4x3/cv.svg","1411","2fa67e0a2477306f0427877b78d2276c58c496ff50faf4b3d69252350821e138"
"public/assets/images/flag/flags/4x3/cw.svg","687","c845d0cad7f00344a2729257315afbf81c70c08bf0772211eb913a716b9aae7c"
"public/assets/images/flag/flags/4x3/cx.svg","2454","316d011952bf1b8ea518ee829006529e105187c8075457c9a5060c6b28a1e9ae"
"public/assets/images/flag/flags/4x3/cy.svg","5466","d2ddf86c24e9d4dc4e2f5cd298b189b9d04a08c0f6497c35249f07d6f1969e33"
"public/assets/images/flag/flags/4x3/cz.svg","225","d601fcc2e5b1fd48b79d53c55108af4c0e90793f146db51f3ee449d8d69512bc"
"public/assets/images/flag/flags/4x3/de.svg","221","efd480af5a154a7651f29da23ee0d09dbc892410fb4041898ddf8face336c575"
"public/assets/images/flag/flags/4x3/dg.svg","23024","5001a14a3dac15f3c4ac3bdd5d66aa009ae05642e244be83b23f4be3308e32d6"
"public/assets/images/flag/flags/4x3/dj.svg","585","2a22d382f85cef20ba39a9abb6e6ecffdfa806d46afea3f6d26b8a23a5c12e43"
"public/assets/images/flag/flags/4x3/dk.svg","236","d2847c0bd7a1fb97977ee51f2f618c5ebc5898dd66ef9804f187613c27bdca1a"
"public/assets/images/flag/flags/4x3/dm.svg","15787","0a4bf1a27390308c62675099f3fb7c86ac3098fce4e8c5e95046c7a15c54226d"
"public/assets/images/flag/flags/4x3/do.svg","40346","02e5f5efbc60a73716f754ecb3f112dcccfeab1da925cb7b8a1764736a3a3ebd"
"public/assets/images/flag/flags/4x3/dz.svg","294","9ea0cf93222ab7b5e7b77b9576afcad80dad1eff33827e8e58dbfbb42aeb8213"
"public/assets/images/flag/flags/4x3/eac.svg","13631","7b4cf0a10918a17f6146a837b7f9428b0d2dff9de137606b5ef050e979e0b59f"
"public/assets/images/flag/flags/4x3/ec.svg","28777","4472b0618e2f5e31d31d16c0d7d811310c33b07d5a101b54f60fcb7ec84d1d4d"
"public/assets/images/flag/flags/4x3/ee.svg","225","25642310e287fbdc02e1ac3e0e08fadca9a32eae195f67b6863bf0fc6247176b"
"public/assets/images/flag/flags/4x3/eg.svg","8726","3f85d1d2bdb03692ad68f84efff36be2f5b1b5b7438b7b7be50def3837bf532f"
"public/assets/images/flag/flags/4x3/eh.svg","804","a957f2aedbb4178a79710d178de3fdb77ebdd3b441ef8fb59e51d9b11966b06b"
"public/assets/images/flag/flags/4x3/er.svg","3158","64c98a80601fc019f9ca7a71f7dd384ca995da1403e7775edcbfd79118564e45"
"public/assets/images/flag/flags/4x3/es-ct.svg","255","11229703126cc831021cf10b69552e3e5ed4534efadc44fa9aec151d2d4cca00"
"public/assets/images/flag/flags/4x3/es-ga.svg","28211","4e2fb46264a7998aa7e769327209344be630f75e514c5fc22e957590ae5e8cc1"
"public/assets/images/flag/flags/4x3/es-pv.svg","424","df3beb6c83af9f45226eeef3f43a2c5b9d2c52017d3b26f57c656632cc6ee1d8"
"public/assets/images/flag/flags/4x3/es.svg","80958","f9cfaff858e95f830733ade9591037b5322dfb5827a53b70956a3d190bb49b9a"
"public/assets/images/flag/flags/4x3/et.svg","1145","43d5922fff81ae1accda75ed99b1b6e68dbebaa3d88a5d87f10a744f17cba34c"
"public/assets/images/flag/flags/4x3/eu.svg","1295","67040ccd286857e513262bc59a6825ea8520b3e6990e42f1075712c072460c09"
"public/assets/images/flag/flags/4x3/fi.svg","234","012edd984cf1879463c2855b7df02dea2f7de7f7a66b244fb1e22b4227f7aa65"
"public/assets/images/flag/flags/4x3/fj.svg","24100","b23cbee897c889ce2d057aaca7c221b74a386ea58efb29da1982418564b58343"
"public/assets/images/flag/flags/4x3/fk.svg","28737","34676edea491307813e055ea141cc6886f266e958ea35825a0bc6adbccb5ae63"
"public/assets/images/flag/flags/4x3/fm.svg","771","23db3e9fe582cc8dd5d3b9ad58aff1ef5cb359c330bbed59fc053d76355434de"
"public/assets/images/flag/flags/4x3/fo.svg","555","ec85991b8a9255cae6ea4241413ae3bd836d8afd985cc3a6cc5f91a37a00a1b4"
"public/assets/images/flag/flags/4x3/fr.svg","241","a526851c372e3372b1596be71af355ea72b1650bbc4c06e6e2c226900d3de6cc"
"public/assets/images/flag/flags/4x3/ga.svg","271","f7b775c474b0331222ed84a3d1b5a5d66af1c097c8565766db17a5cff5237c93"
"public/assets/images/flag/flags/4x3/gb-eng.svg","239","53797ba9e2dd9b18cd5344255f4e9ae9fad743ecb628fc9feb98abea4f48f90e"
"public/assets/images/flag/flags/4x3/gb-nir.svg","22278","98f52ce85d1c3d94fb75fd7605c2c8e404b62fb09e97bdd1399d125a6eef8836"
"public/assets/images/flag/flags/4x3/gb-sct.svg","228","7b55bce70824742222ccd804a4bc3d0e0f0f9416d103d05a46dd60825ce559f7"
"public/assets/images/flag/flags/4x3/gb-wls.svg","9096","61ad944644250599da53b344e16bb40529677a7f35b84aaf6bc81fd18eb09e24"
"public/assets/images/flag/flags/4x3/gb.svg","504","c8be1e7208798a4ae692ee1e937065d498bb29e741943f6172b29118b8ed8066"
"public/assets/images/flag/flags/4x3/gd.svg","1712","eecc1f130ed02b2166c6f185439b7c95cabfa4a41b33c1a834ca59ffe4780785"
"public/assets/images/flag/flags/4x3/ge.svg","1313","0280a1279c3d1d772f1e885ee821e37a1cdb4aa085ca2870825fe10bad8d7ff1"
"public/assets/images/flag/flags/4x3/gf.svg","231","cb5464e28e5fafd01fa1222c9605d6b7e67eb683e881fe59a3eb048f7f0b7b6b"
"public/assets/images/flag/flags/4x3/gg.svg","604","ea806b4831074904a767c9744ca6defc2d8f44b8565c56528f5dcd1ecc54e9f5"
"public/assets/images/flag/flags/4x3/gh.svg","293","53c55ca455293bceecfe6a5d6b12dc0bb670734c50bfd95cb21dc4ef12197405"
"public/assets/images/flag/flags/4x3/gi.svg","2889","483f5768d4c360c28a751dd121872ed9a2f6568fc358816a95378284526e1d0b"
"public/assets/images/flag/flags/4x3/gl.svg","223","15a60b078ed13383947233241fd26f2a3a6e7e88658ef3b90f2bd6c4e658411e"
"public/assets/images/flag/flags/4x3/gm.svg","543","2aa3fad4e8820fb42386f62d3efee1d3923817a49ed2bb05ba364c58d0ca4d3f"
"public/assets/images/flag/flags/4x3/gn.svg","292","ee01e7dd4abb0a995980ec8d0ba2bf314b564c73fcaba39fed8a5f48a7c49753"
"public/assets/images/flag/flags/4x3/gp.svg","231","ee9d78d0ee512858949eb8571960d1366e73ce751833b0da91154c2f74f88456"
"public/assets/images/flag/flags/4x3/gq.svg","4941","61ddf0a98d1d4bf93c6ec53eec080662efceabc37d1361eda4e7d291e10976d8"
"public/assets/images/flag/flags/4x3/gr.svg","868","a184070f7678b06777be8ac38cb05ba41829591a6dac9b64b2b72db66aec82f5"
"public/assets/images/flag/flags/4x3/gs.svg","31502","71b1be86c54f5066be18bd92b32bc45df56780ce8c38e7aa3a1b81b4b2d1f58e"
"public/assets/images/flag/flags/4x3/gt.svg","31352","a20814d011af90ab2e80ea88eae9928cfce824cb9b50edf7b74ce2a98a159059"
"public/assets/images/flag/flags/4x3/gu.svg","4327","f49a02cc01b2c97d43e89260ed852e9bf7c5006fbbc384a2c786819ba6a6695f"
"public/assets/images/flag/flags/4x3/gw.svg","846","6b81a234b51ceacb4b67e889bb5b7ccf5f1084ac34b4fded2b97af5336f4797e"
"public/assets/images/flag/flags/4x3/gy.svg","493","5bd7a7b326efd9c28c3ec3b23118b241cb7643967fe9410611f392bc3deb65b0"
"public/assets/images/flag/flags/4x3/hk.svg","727","d9d142b2b97ec3b8190bff3802072c1b4f15573a679eead89a0ce59986dcad0c"
"public/assets/images/flag/flags/4x3/hm.svg","1296","b57fb521c08a8f80adf13aa96f151db87e192c9ea3d22e0918fa57a187b3792f"
"public/assets/images/flag/flags/4x3/hn.svg","1144","67130fa043e9d30dda7691e0d59567ff32db435a0d72e4e57309bd439fd79995"
"public/assets/images/flag/flags/4x3/hr.svg","30732","3c98eae5ee93f0d75e10170beb96e26908830e2e6f7f7af2a4b281a097aeb946"
"public/assets/images/flag/flags/4x3/ht.svg","13301","d45f0285b56379b6816ab02ac0fcef2dc47b3f9a926a661e51a5c546b259e5d6"
"public/assets/images/flag/flags/4x3/hu.svg","264","4891ce591bf29b5b68609c29d973a30f1ef109032d8dab369208d0d5f615bc74"
"public/assets/images/flag/flags/4x3/ic.svg","286","9a584e048b173dfdde0a5f007f9240072c32a42ad06021f8ee58368b26bbfac0"
"public/assets/images/flag/flags/4x3/id.svg","178","5cd3acc4939dd7eae6318c8d75df8c0d1733f650e2504a2635b0dbf3dfabb040"
"public/assets/images/flag/flags/4x3/ie.svg","289","f82568d70bd1624ff7ce3ced8712a718a224ff2424fd2ade2da4339be3bba463"
"public/assets/images/flag/flags/4x3/il.svg","834","04a099ac4370b5e856f5f8d44ce0822ec47a6d3bc395a7d048d3a46d69274d68"
"public/assets/images/flag/flags/4x3/im.svg","9130","6edaeb06a7ad667f801dec7deda2aa6aa9632df904c3cb7fc558f0c5061516e4"
"public/assets/images/flag/flags/4x3/in.svg","1090","91185efa1a9b52cdc0e470712518efeefc4e4d6a6555bae9de997ba71885bb98"
"public/assets/images/flag/flags/4x3/io.svg","23024","3b82705371d04eb663b1e477d24f91e55063f2a9ed4ffb542449abe90f2e12a2"
"public/assets/images/flag/flags/4x3/iq.svg","1420","073b07113d582dfea58fbd7e7e63cd9626bfa4afc87b3446a2a798981e26a412"
"public/assets/images/flag/flags/4x3/ir.svg","15397","cb363e09bafbff6de7c2fba6a002ca33f0563dc83a2328d34adb492cf80ca629"
"public/assets/images/flag/flags/4x3/is.svg","509","4ef2de6fb25ff5a16789e8ffc3b68894527e68c89dce3b4e1118f5bbcc0bb7ae"
"public/assets/images/flag/flags/4x3/it.svg","289","9fa88118818d9b64838f578e2babcca3d0630aed21b5c33b34aff7ac5ce506bc"
"public/assets/images/flag/flags/4x3/je.svg","34192","200badc2286f389d5f36d63e8bfbb9adf1f16b7b996d0e40d2a19833b8fbc7cb"
"public/assets/images/flag/flags/4x3/jm.svg","401","f837df1ac21a4c64be2c977e2faeb6d6593624703d7c61b71a857fa8355b7f47"
"public/assets/images/flag/flags/4x3/jo.svg","727","e3a570d5c50c15f4aca73d27b2543ee335fd04151847e3d8ef2b42e5ac1ebe12"
"public/assets/images/flag/flags/4x3/jp.svg","470","bfea80baf9989383dc4bf7ca594ed95be0df0ff125bfc88d0bfa878eb0198022"
"public/assets/images/flag/flags/4x3/ke.svg","1421","699163d87382eb969d8a26d4ce1a99a00264e8b7b95276abf585476506f46e82"
"public/assets/images/flag/flags/4x3/kg.svg","4743","b0cf3e6806af23d8712a7007a27e8669403c00aef75faa2d7a15d183fc3d0587"
"public/assets/images/flag/flags/4x3/kh.svg","7122","21a9681682a2158cab294bd1826a2dda2e3edf17aff891d692c6c976c3d9c874"
"public/assets/images/flag/flags/4x3/ki.svg","5627","01206661587925daf1e57d8b6a6eb85f07a8ccf2230b89ed9b6e3a39b83f0ce0"
"public/assets/images/flag/flags/4x3/km.svg","1053","81e1befbbdeab3b2a4ec451e060b161bbcc6de00b97ef9d99791bc5741dfddab"
"public/assets/images/flag/flags/4x3/kn.svg","796","0832acb7396986c7ba99bdfdadc563df322363f91659775f14aeeeacdd546c7e"
"public/assets/images/flag/flags/4x3/kp.svg","783","f79bc8b6502445b51fd6db4bb9b6fa9d49f7fbe00da77b6af4d052b6d9fec4d3"
"public/assets/images/flag/flags/4x3/kr.svg","1061","7a6cd5b51d0e2841ed8b79b1147ad8a66cf3c09f6344d4a63b5e4413ffa5d15b"
"public/assets/images/flag/flags/4x3/kw.svg","517","172a4281fdaf4b168471afcffc9e9ea277d6b5e54acc1a18b2f8ddc0a255cd7c"
"public/assets/images/flag/flags/4x3/ky.svg","23386","a15e10f11df6e945230ea2870d578330065e56b7e0624e40c9cba6ab28b64272"
"public/assets/images/flag/flags/4x3/kz.svg","7094","381b22e4c287b13e191c208bccfc2cfb9156cd657de248f033b920a0c713a1f3"
"public/assets/images/flag/flags/4x3/la.svg","456","da591b989d90a90d03c736d8515fe567832eb9f24dcfa7a2870b1cf3196fdb05"
"public/assets/images/flag/flags/4x3/lb.svg","2770","94b12b3f1dc43809f93516592f07bb4eb85dabbfdd6010b736f467fa64283e7f"
"public/assets/images/flag/flags/4x3/lc.svg","352","99645e005699eba454a0c3bf052b84d161267b615d8be60c41acb41f9355e47d"
"public/assets/images/flag/flags/4x3/li.svg","7318","77a33513c5288a0f2044f918efd2f82ba789d599f2e934b2af39b60fba8d9458"
"public/assets/images/flag/flags/4x3/lk.svg","10724","ed3eee24d19872d6adcecd589513c057c6ecfe4997af36e8d25ef9ed58660d23"
"public/assets/images/flag/flags/4x3/lr.svg","713","69f2ce4b9490ab3c94ca30dc94862e5f1e8cb0f84344e5db0eb9300df5c66146"
"public/assets/images/flag/flags/4x3/ls.svg","1133","83d2e4152ef06ed39f5792dd2d5b9aa9953e3cbfe645f0384449e87b73dc96fb"
"public/assets/images/flag/flags/4x3/lt.svg","439","dc0401993f6e14b3a58fa496d874b95dfcb58614052a868b14492166782c1006"
"public/assets/images/flag/flags/4x3/lu.svg","225","a0a530e396ac2e2490d32d432a89c08a3d35081816ba089241b9b2b2a76a049e"
"public/assets/images/flag/flags/4x3/lv.svg","263","d0d1ac1c0e301f808be3db32bcd7cdbc8986b6ec15574f557f440caed8b7bb31"
"public/assets/images/flag/flags/4x3/ly.svg","549","47d96b6e011cd540bdeb30155cbd7994f929cd2f5b84cffdd50936b876823f41"
"public/assets/images/flag/flags/4x3/ma.svg","247","28cfcdecf9675b0a14fbfae176324aea03711edab1a13592cfb7d58e6772b25c"
"public/assets/images/flag/flags/4x3/mc.svg","234","690c23fe64b6ac71770657fd87f744b88196a7853abb28017b5bff54473ae0da"
"public/assets/images/flag/flags/4x3/md.svg","11126","987ca12a752ec2b3594c115923d50160343a7d30af8ea5e316ae04fb12b8e9dd"
"public/assets/images/flag/flags/4x3/me.svg","56372","d284332e23ef88ae4f1b957ce1c6d9b9f691f94e4726f15d1a4219840008387b"
"public/assets/images/flag/flags/4x3/mf.svg","231","137b371d2ccb0e2901e0eec84e9273cfc8b0b941fcb0e3239ab62a8af0eda649"
"public/assets/images/flag/flags/4x3/mg.svg","299","59246c21300e2456c0c5170791698e43399b089de80a69474deeac00697d2b7b"
"public/assets/images/flag/flags/4x3/mh.svg","729","96d7c0b917a5c064636d11239b2a3031e574bc782e2445ec917208eeb051ccaa"
"public/assets/images/flag/flags/4x3/mk.svg","379","22488dc890fe1e5f7a8bea423dfe2e74f8ccf04402e75090cdeca030b12ca010"
"public/assets/images/flag/flags/4x3/ml.svg","273","49e84081981f2b8ec245dcc66ebf44521fc91b3eae6e9f10c925616f78951f14"
"public/assets/images/flag/flags/4x3/mm.svg","710","c0b2e23a7e202ff2ad69421ea1b528e58af4e541fc2f4b986479a9cdef7f18e0"
"public/assets/images/flag/flags/4x3/mn.svg","1397","92d5422514f63fc10800714e71e14b576437e69a22645cf74a7ac0f516d67a69"
"public/assets/images/flag/flags/4x3/mo.svg","1370","e1f783f6a43285a4338ee45cfe6f76db67801174968935b9f985d44d17914c83"
"public/assets/images/flag/flags/4x3/mp.svg","22568","fffb725bb0e0cdcdfb548bcd43f3eb9e10201d48a050d1249ebd35419d5cabbe"
"public/assets/images/flag/flags/4x3/mq.svg","228","94315e14207c968bbaae8673d446075bd406263756986a86dd19852aff91a20e"
"public/assets/images/flag/flags/4x3/mr.svg","437","ea338a9f7744fb25c3664f3cee5b2355e70bed7b0d79d952d246436cb600edb9"
"public/assets/images/flag/flags/4x3/ms.svg","5832","c5d14004b158c9e4d8693b3cb50f4331b72516877a6af805316c0b54da6ae1fc"
"public/assets/images/flag/flags/4x3/mt.svg","13925","a2ad157eeb5f1bb92dc9706ad90faa111dd39ec019586bc5d12e67c5a6aa6cd5"
"public/assets/images/flag/flags/4x3/mu.svg","316","51f86810118855ca9a0b0501f3d363e0556fe74f429a66d1be9af5c027b3b593"
"public/assets/images/flag/flags/4x3/mv.svg","286","5546d527d669b3935bbff11e0344fb8522200cf5ea84eba730d8a7a0b1e86f15"
"public/assets/images/flag/flags/4x3/mw.svg","3563","29a3e7057ec47f18bd8dd54312074335263b607c1543fcd969f89f14e307985f"
"public/assets/images/flag/flags/4x3/mx.svg","84753","9dbc8ad8b35e52ce7cb686d5cd93bd95e4c0dd8505c184186a740148ffd34901"
"public/assets/images/flag/flags/4x3/my.svg","1378","bb30e84a099d2d9dc286ab091bdd40ae7a8e332eb49827f2df4f11803e613667"
"public/assets/images/flag/flags/4x3/mz.svg","2563","ad91c2f8e6d6f80f19dca1fb080488539e2e39a4670ead32169d491bc88c3c03"
"public/assets/images/flag/flags/4x3/na.svg","993","caa43fcdebb595ebf9808be7c5ba326a65bb40f78172182b1470102dd97a0182"
"public/assets/images/flag/flags/4x3/nc.svg","1328","962f9b9111d3efd559752fbf195f651bca7921b4fcd5f31126addd7e7c17652a"
"public/assets/images/flag/flags/4x3/ne.svg","273","4b91653d53f76ddaf492a61adad3c1be86528ee9f23d7a18a6044c4eed165cad"
"public/assets/images/flag/flags/4x3/nf.svg","5563","c42c0423a879ba6131dc1342d42139a2fa5a714fa3c7c2cbb265ae1d85bb281c"
"public/assets/images/flag/flags/4x3/ng.svg","257","b7a2a45a6499095efce41592428ff558ec5bd83d2751858dfe5fa4589334b66f"
"public/assets/images/flag/flags/4x3/ni.svg","17249","b9dfe1fc2aded19b2796ad7b9b681b64457250ca6043f2865b4160e9230d097f"
"public/assets/images/flag/flags/4x3/nl.svg","225","8f691f17fe70894537af8e92f2ca47761d353639b0defc15cbe561eb503ab010"
"public/assets/images/flag/flags/4x3/no.svg","318","ceea17af051dceefd5759a824213eb40ac8a8095aa88a6874a7bbc8de637357a"
"public/assets/images/flag/flags/4x3/np.svg","1005","b84c02e2fa659d0be6fc6b5963d5e9fbd25c3a6ab4d469aa61f1e3cdbd3f4637"
"public/assets/images/flag/flags/4x3/nr.svg","646","f1de4b06479d454bb0a23a1bfee221e97d68e0a128002bfef1a1b3ea4c88ad46"
"public/assets/images/flag/flags/4x3/nu.svg","864","835c94f3f7aa08d717e2f4254234947bfab26eaa925cbd50871b1de3d31676c5"
"public/assets/images/flag/flags/4x3/nz.svg","2172","794a2c8c09796090ab748a74bc35aed825e701eaddc46b138f300401ac9a25cd"
"public/assets/images/flag/flags/4x3/om.svg","22223","3204f5aa802cf3b2b782ba0ddfd798b42c0ba7c3125606245ac34bbb1cf26cc1"
"public/assets/images/flag/flags/4x3/pa.svg","521","5e034a8ad127c43b19f52c648fe808160ab4ddb117afa4204772af96566d31bc"
"public/assets/images/flag/flags/4x3/pc.svg","3834","cd2d7a9946475a3df0c066e57b5decf96b76cdd95051ba7fe5da1c2711f95b70"
"public/assets/images/flag/flags/4x3/pe.svg","186","e9dd299d453d9c173203e60f69623ef2148dbee24b2a1763328e94d4dfece05f"
"public/assets/images/flag/flags/4x3/pf.svg","4030","67391766bf25f74433f1de41d7c2370215b23a375064b1345b12f9d0e0b6d35c"
"public/assets/images/flag/flags/4x3/pg.svg","1608","43e492331c192a947d9bd72ac6e1f4edcab1d86af097b8840faa9ac24e439d97"
"public/assets/images/flag/flags/4x3/ph.svg","1382","c3bd5e08ddc5f6dbdfa899af9efb45577e3841402e6a7f5d00fef754816b2884"
"public/assets/images/flag/flags/4x3/pk.svg","725","89e851c0d541d8166b297e13bed97e0cb500bdb4ae48fd83a86b606a078352a8"
"public/assets/images/flag/flags/4x3/pl.svg","215","06687a4b90fc00195d0795aea1c26a9f73f1b6ea6a76e358724b2f1f32b7c8f4"
"public/assets/images/flag/flags/4x3/pm.svg","231","10cc79ca2b0f93864b6b16599a55f82c6b1c3af3f2b6be81ecde99031fc5f5f2"
"public/assets/images/flag/flags/4x3/pn.svg","13471","b647b2f7d9c6961b120f05a8ce196d6a79ec2082163e2b33f831947849aa7da4"
"public/assets/images/flag/flags/4x3/pr.svg","625","968c343f7074f4312871383337f26454040aaa84f304460d518da549b2549f8d"
"public/assets/images/flag/flags/4x3/ps.svg","276","5d95ca7526bf8edd90a913d7de08130688d68b7c2dd2825cbf0dde3a6aec20e3"
"public/assets/images/flag/flags/4x3/pt.svg","8001","a7a2cf0b44aaaaf4f3bdc0ee0fa308ec7085bdfedd3f72da1473d43fd2a569fb"
"public/assets/images/flag/flags/4x3/pw.svg","466","a61ab9d94f2968304eaf62d838e0ba1674977da8a5056beae5776fe912a8e233"
"public/assets/images/flag/flags/4x3/py.svg","16184","fe0968470b7910543b23f7621b00cdeeebde8d90cffbd4fbcbfa97783a01cc04"
"public/assets/images/flag/flags/4x3/qa.svg","354","fb955ef352ff3ba1ea980090c31d5cf15257729d32949d04b18402651e93b986"
"public/assets/images/flag/flags/4x3/re.svg","231","7b5a5202ed96511c206fd9fcbcd07c6fd36588941ea013f16d942e525e75635c"
"public/assets/images/flag/flags/4x3/ro.svg","302","17a3a747fc5e63302aaa670a667e5812f3676f46768e5a3e87b254bd41762840"
"public/assets/images/flag/flags/4x3/rs.svg","181634","b6e08e2eca1ec4c287e5d5d7c36d7d4ad9503ad030133b04cf315f95ab49961c"
"public/assets/images/flag/flags/4x3/ru.svg","225","7100aaae51ff3b6a2bf0ca932b3bc518bdc760814725e7cca31d821a26c3dd7c"
"public/assets/images/flag/flags/4x3/rw.svg","755","9512100aa3e8079ed3780e8b3d6cd6a49639d0986ad78a709f81e9d0827b65b2"
"public/assets/images/flag/flags/4x3/sa.svg","9968","5738c8cfca5fea63587cbcf69237996c8ce6283f8016853150686f37311b620e"
"public/assets/images/flag/flags/4x3/sb.svg","940","b34eabf373af639cec1d7de7c0dff84df6487737f04510efcc356810147c2cfa"
"public/assets/images/flag/flags/4x3/sc.svg","317","30cdbe42a1aed2dab0b26cb7b510901813cad3289835ef58e07d5ff1b554ec61"
"public/assets/images/flag/flags/4x3/sd.svg","505","25b3fa24693ccbb80991235e235e9370895f182c509c687e96824faf6b65809a"
"public/assets/images/flag/flags/4x3/se.svg","209","b3b5071e6c1d4a0e3db828bab5c7dfd68d0e90fcf3b25b15e9a2c4f96c1f79c9"
"public/assets/images/flag/flags/4x3/sg.svg","889","25de9044c2e2775f7ccf9c1df02dd02342f915715b22c43248452b7ae24079a5"
"public/assets/images/flag/flags/4x3/sh-ac.svg","143373","6255a020309099387d437a4663c4775741d57718b025ffaad57ae6c0315ca029"
"public/assets/images/flag/flags/4x3/sh-hl.svg","35427","043640d8408a18d3856b8a52f29b2c5f6e2fab8b3e8d620f72de5fbabf9a4130"
"public/assets/images/flag/flags/4x3/sh-ta.svg","28775","6dec9556409088047ba423cc9d9d33948fca699adbe35107925e66398eb42d1a"
"public/assets/images/flag/flags/4x3/sh.svg","504","559acea1c3e57186410e4058e3eca3a51c6b54744342434fdf6a74d71f0c2383"
"public/assets/images/flag/flags/4x3/si.svg","1993","3a5e0cac44baaea6b6d8e91054844b6ea72764f6dbe363c11ea11fd81203733a"
"public/assets/images/flag/flags/4x3/sj.svg","318","b60dad0ef05ccf28511eda8bfb21773223c696ef597378e77b7d518fdfb21a76"
"public/assets/images/flag/flags/4x3/sk.svg","1182","578d0693bc95214334248b47c5719dd01cfc9839bd909a726df045d499fabbb6"
"public/assets/images/flag/flags/4x3/sl.svg","272","d0c384b03a037f4eeb6c967346e3faafb4a09a3706667ac762999e54b55bc647"
"public/assets/images/flag/flags/4x3/sm.svg","15683","fc3388637c187533a086e1a25253cd96ce657bd7d105886624d21addb380af16"
"public/assets/images/flag/flags/4x3/sn.svg","421","6437db13c13fa5cc1b121e6b59739902c6583be6db361260873ce2664f666478"
"public/assets/images/flag/flags/4x3/so.svg","483","249e1acb87efcd0ef0f685285f14f5063f0bf260e0d28ca462e713c3f6178e7d"
"public/assets/images/flag/flags/4x3/sr.svg","312","5194a6af4e0d8a350ba7c1f66873725a9e1c91f2054fb9e85fc59cf7f7f2c0f2"
"public/assets/images/flag/flags/4x3/ss.svg","398","f7ac7017201841eee0b261f66be6787200a80fbeadbb869dc6e8823e3b2ec220"
"public/assets/images/flag/flags/4x3/st.svg","954","880c17f94cb564b1818f604b764ac8c3b87e019d97724a7ebb9e69aa96821238"
"public/assets/images/flag/flags/4x3/sv.svg","77273","4c2b4e2b8bbb85d6cb97a5a35399f6fa9f269dc4b4c17591350441b61137041d"
"public/assets/images/flag/flags/4x3/sx.svg","12214","3088bb73f80188d67a504d8b34921a719720ab8e5839c6bdb56397670bb224f6"
"public/assets/images/flag/flags/4x3/sy.svg","366","04c5e853ade8f2e5585a3c42e9c1a1a80248125acf6a44afa85e9bbf36cd96c5"
"public/assets/images/flag/flags/4x3/sz.svg","4663","5d6399c149d143306981f386048047b984586b2f85b0cf11fd7aeaa5757a81e9"
"public/assets/images/flag/flags/4x3/tc.svg","7117","b8d8c6898f888af85d64bb33aeaf1c507f28489215fae298d8a152f1d0156961"
"public/assets/images/flag/flags/4x3/td.svg","271","19a278fbd88e7fa245b44b40a829bd2bc83f4a2b5521feb665cee8d629e2f026"
"public/assets/images/flag/flags/4x3/tf.svg","1099","0bf7174a781219bcc47895ff64101403a41632e62711f96a1d3dc8a1e1bbb531"
"public/assets/images/flag/flags/4x3/tg.svg","708","f52b955fb48669d149991f511db818761589e8d45ce4dcc84478737cc0156d75"
"public/assets/images/flag/flags/4x3/th.svg","284","329cc0d520536d6eb4b9304105f23650c2d02bbdba8f8696e996dbf166de6f2e"
"public/assets/images/flag/flags/4x3/tj.svg","1843","cd1afa9808833e4983986fa8818b73a9e1640f42c827692123a9639220c4a720"
"public/assets/images/flag/flags/4x3/tk.svg","761","8040c00b82d542b3ff7c2b4cf4542ea7d36bb4f252fd3a954dcf60f3a99303a2"
"public/assets/images/flag/flags/4x3/tl.svg","611","09c763aa3e5a48e2092348367b0bc93b1bc0536f5b527b31175e493132c55e19"
"public/assets/images/flag/flags/4x3/tm.svg","38349","378178e3d5c91c62dafd0416b3f2b789f9505d26db0aef93dab8f5979ad60841"
"public/assets/images/flag/flags/4x3/tn.svg","343","8e0274e5762a4d5f783e64f1206dd69008454f750de21d3ba61439d0af3c577c"
"public/assets/images/flag/flags/4x3/to.svg","352","b351703fccc1e08a13d2d57260dd71bee8280e393030b879b9df1c7ccd3a9538"
"public/assets/images/flag/flags/4x3/tr.svg","549","256a1d6afbedb9f731566982331a1cd1ad14aba211b8a61d338855879505e74f"
"public/assets/images/flag/flags/4x3/tt.svg","304","04c13dcd0b3690f91e752680653def1c2bbe5b4553b9e5dc75748b9339636749"
"public/assets/images/flag/flags/4x3/tv.svg","1427","d94fa5f107cbacdba29731226bc5ad06edc95784e3d29c20e1ea41fe384530b7"
"public/assets/images/flag/flags/4x3/tw.svg","2499","931757f06b9ee751fd1a0cc8dd7cf862e21fdcaf894d10ed7bcc68dabcca59ad"
"public/assets/images/flag/flags/4x3/tz.svg","548","fd317abae009fa3629c51b82a6b9f1c529a7254406478047734bb52de83611cd"
"public/assets/images/flag/flags/4x3/ua.svg","234","b7892e2bee1b25eb5407d6f5249b020dcece29ee1c9cc1a8a6a10c4f38ce6801"
"public/assets/images/flag/flags/4x3/ug.svg","3929","ab6aa03e1324d54ffbed5ea4560f757797f4729da58fc977527cedd586e928a5"
"public/assets/images/flag/flags/4x3/um.svg","648","60a633301685f6e5218db358980dadd36a6994034ab5edfbebf24422ee7ce27b"
"public/assets/images/flag/flags/4x3/un.svg","18702","c7632022c033930994c65e495eeb49c34e28f4716e34563eacc36ccbc4da20ae"
"public/assets/images/flag/flags/4x3/us.svg","648","e7be4240cf57987926673708f09233be1ab6bdf35acc7b86bd32a263f197a2a7"
"public/assets/images/flag/flags/4x3/uy.svg","1724","47656c0bf4961a1f7233841eb78756cd45d074e7d4061b8a1217bba7754a30fe"
"public/assets/images/flag/flags/4x3/uz.svg","1498","62ce6f1073416e8d3d599639ec8b105f4de167c0730f036e47c650e686c4ff5d"
"public/assets/images/flag/flags/4x3/va.svg","28720","e0c5f2ab3c7cc99a89c8a0b02253229b5eb7239ed2969103d5f2e49c0de91fc8"
"public/assets/images/flag/flags/4x3/vc.svg","429","4e0a86447af4924dc11f26179f5cbb91195451ae766b2f777effe9c5f7cbc8f6"
"public/assets/images/flag/flags/4x3/ve.svg","1206","5712f1c63ba0bfa25a853c100cdebfd6698cce98fc2e0ba8d3fab35df541efa1"
"public/assets/images/flag/flags/4x3/vg.svg","10018","986913ded6a6365a65906d9185ead0c4411c5d71710fc2dfa4f47c16e4f708ab"
"public/assets/images/flag/flags/4x3/vi.svg","8518","69e264ecc5c61b1750863f7863d74860a8f3ef152167c0537deb633eadced21f"
"public/assets/images/flag/flags/4x3/vn.svg","490","2355037201315d74581ab0ad60b5587a29a087d26b0525bdeb8676e64fae5b86"
"public/assets/images/flag/flags/4x3/vu.svg","2006","57d3b67abf0e57ef73b71822b7982abc49a9461883e8b60cbc85cf86dab28959"
"public/assets/images/flag/flags/4x3/wf.svg","231","ad34db05b0badcbab865a0cbcd45cd0251479a20aa505173f276ca4a45b4fc6e"
"public/assets/images/flag/flags/4x3/ws.svg","687","6b1a7ebcce97d75020af84da13b918875ba38ba4535b4d990b2be8985a67b8ad"
"public/assets/images/flag/flags/4x3/xk.svg","8267","290d7f74bc73f362f9679a0bb09b7de0f679ab9aeaedf3952e40d79e0e3d25af"
"public/assets/images/flag/flags/4x3/xx.svg","283","5f776f5b5a4a4e13f5bc1780fe341e7f968dcf53ea9b526258b99adcdf6101f1"
"public/assets/images/flag/flags/4x3/ye.svg","287","4ad43705cb40095dc7dd16d6981eb2a3f46dcebe879eed54b188c62cf48e9c65"
"public/assets/images/flag/flags/4x3/yt.svg","231","f6ed4975d7f834a036bbd8a5cb59147c1515922055d41d7f1bb3291df2e43bfe"
"public/assets/images/flag/flags/4x3/za.svg","860","1755a5e16f1c9f5120e4871e8454bdee663beb4fb4827012bcd02cb9044249c2"
"public/assets/images/flag/flags/4x3/zm.svg","5421","2753554062cd3761e53a180c3c8f8e245af622fb6ecf1c02020c79db0ff2d644"
"public/assets/images/flag/flags/4x3/zw.svg","6186","e27fcdcc882d7175cc4c07542779911043dc56262fe43b42f39bdaca09b762d5"
"public/assets/placeholders/.gitkeep","1","01ba4719c80b6fe911b091a7c05124b64eeece964e09c058ef8f9805daca546b"
"public/assets/placeholders/city.svg","791","7040d700463ac7dc4908fdcdaf2b991924d9e0659182114e3ba7b29b0278333b"
"public/assets/placeholders/generic.svg","897","d6e4c1bfacfa3ea5b3a0c4ace32a80ea5629f35ea1e507de42d415a654a9f21e"
"public/assets/placeholders/news.svg","916","13a0254461ca3c3744fae212b728ba4e50090743b9f92105c0d8ee59c9782686"
"public/assets/placeholders/partner.svg","790","697c5728dd2d324ee9f8e625d32021eca7eb5711d7c50a2dd25f3b345a007747"
"public/assets/placeholders/player.svg","754","55b22cef20b8a18a2d2d613032fc60bd0fee58af011713bcab612a5250a88c0f"
"public/assets/placeholders/stadium.svg","950","c90d4240149cd585cf8d6c864b16c077dc2b275bc7f77ca823d4199d6916e58c"
"public/assets/placeholders/team.svg","1141","b85a8f2a8e01f20279cb1fe021c778b1aa0172a11d14fc0bbfbaab46d0939e8f"
"public/assets/vendor/chartjs/.gitkeep","1","01ba4719c80b6fe911b091a7c05124b64eeece964e09c058ef8f9805daca546b"
"public/assets/vendor/leaflet/.gitkeep","1","01ba4719c80b6fe911b091a7c05124b64eeece964e09c058ef8f9805daca546b"
"public/favicon.ico","0","e3b0c44298fc1c149afbf4c8996fb92427ae41e4649b934ca495991b7852b855"
"public/index.php","543","eba77cba39695b6bd091fe5211d481f7ebb2ce2d8d26230b5a609465d0a4aff9"
"public/robots.txt","24","e5c4b84484ee4216e9373be99380320c25dd94805f99f0a805846f087636553f"
"resources/css/app.css","390","9f49ed837fdc773b89a294d1e86dc68828ef2f774d7e797ba5f89c2a08c84760"
"resources/js/app.js","22","cf6dab196c721f6911ff99cc4f910897f978599a2d289971a316a5fc33091f94"
"resources/js/bootstrap.js","127","6fd9fc82e68fa915a882f4e227b9faacbe7bfd66cb953c628840e83bda6b72f4"
"resources/views/admin/audit-logs/index.blade.php","5081","d35a0e766348ee21522c4f17e8f75530dcfe29dfc44292a60788bcd403368a15"
"resources/views/admin/audit-logs/show.blade.php","2303","c6426a6db3e273a9c9b2efce5a2ca9b572f50969981302ad46484aa4c8054ae1"
"resources/views/admin/auth/login.blade.php","1262","cd7ba98ac2b5e336523b37745f5c54d50dd19544f416c94e7d8ef87dee56e859"
"resources/views/admin/cities/_form.blade.php","2396","7b0c571cb9960a17c883e6f84191c0227a9f89dbfb4159e1ae72cff27b12e678"
"resources/views/admin/cities/create.blade.php","317","3d9a504a24e7b691103501d61898f131e983ed1043e9cf0ee6318977fa916b1a"
"resources/views/admin/cities/edit.blade.php","331","93db7b0065f1e5b86b895854d7a9ac759498613be59bc7cda7812f81cb02c487"
"resources/views/admin/cities/index.blade.php","2792","2dbb4b41848109e100b16c82336aba12a4d375d4c976ca9558f0c77d82789d49"
"resources/views/admin/contact-messages/index.blade.php","2673","4f06f1622ac76d607e975804d590ec5fe303faff1733f82546a4610a903b804f"
"resources/views/admin/contact-messages/show.blade.php","4458","4f4bedfd47b58c2d9c26d7fca89d706a69f71b73dd65309498b2744dead9ced2"
"resources/views/admin/dashboard/index.blade.php","33730","cc271af10144b393e81be60296161a82827d9a9dd2e4e59125542df433ae9bda"
"resources/views/admin/football-data-import/index.blade.php","41244","534559d145e51682863c641ae3c986935e8952dbf3dd9ac9a4063d5ccdcd574a"
"resources/views/admin/groups/_form.blade.php","1203","328f1586646121e5aa90a3c3b4fe6042809644442031c044afb463f602189a1c"
"resources/views/admin/groups/create.blade.php","386","13ecf40b475bbe60709e1e1fbd96439f075a3bf41b20dbc01b23efe51b8d13ae"
"resources/views/admin/groups/edit.blade.php","387","293e821df31785b38b389fe1b95903fc68c37f7b2efadb3d80cdd4065b17e036"
"resources/views/admin/groups/index.blade.php","2713","89711c90a2c0700df1f396a56bab70821cc53977eda3ca7e4e4b272a41e029d0"
"resources/views/admin/interface-translations/edit.blade.php","2289","8d7f741b42f54687659f22cc2795925a9b6df0d1308c75e884b759585cda1abc"
"resources/views/admin/interface-translations/index.blade.php","3683","624e037d4661d6a41f0476c4a2c9453dc226c04e316550bd6441f889ad550486"
"resources/views/admin/interface-translations/missing.blade.php","2900","883b152fb0caf584857ed7d61df59fdbaf27c197fdb0f04a9e47ec3f15d1ca3e"
"resources/views/admin/languages/edit.blade.php","3665","67a1607f0070999315077209fab74e5ea8378aa777b64cc515758969e6f4e573"
"resources/views/admin/languages/index.blade.php","3196","b337bc2b4aa90264343b2da5cd6ada9ada3ba8e95d97809c9ce4ad44a790a0f4"
"resources/views/admin/layouts/app.blade.php","187042","8fc4bae60b08687b8d07346a956b5fc9ce4d352614bc9a1941405fbac17d590d"
"resources/views/admin/layouts/guest.blade.php","2986","4723fdd0346c17df2686318cc3372c1ca613bc09368cdd384f73d6a9081d3466"
"resources/views/admin/matches/_form.blade.php","7696","39c65b5584d6869b62d90a82f61735506e8b7ed3e5253aae63ab82be78272519"
"resources/views/admin/matches/create.blade.php","332","ee18dabb335349cba015eef4ecc6fc300cbb71fe911823eb2527dc927748b61a"
"resources/views/admin/matches/edit.blade.php","352","6575c5953935ace67eb91f627224a56c3598e9f2ed927d21ceb172c25ca717cb"
"resources/views/admin/matches/events/_form.blade.php","5255","5b58d49bf284c26eadf2934dbe13c622625570de5b1eb2a7c6a0ada7ec826c13"
"resources/views/admin/matches/events/create.blade.php","425","0300304defb1ec6c784644b9dfd6c03a91b6ae9e0ca32e08c38ae272f05276d5"
"resources/views/admin/matches/events/edit.blade.php","464","de67a8f85be5c258a41759c94808cfa388de75ceda57f6a82a022e90deccaa12"
"resources/views/admin/matches/events/index.blade.php","2881","38374162d65970713f01d23b73f2f839b902146c73af3ea4d049c4d7b3764d41"
"resources/views/admin/matches/index.blade.php","3193","bf82924d1e319170c710e3b479bc9b37e1d7a419b3a435f2b755ffab3436a003"
"resources/views/admin/matches/lineups/_form.blade.php","5160","bb4e8445f45b8ec197409ef10c804ccb8e3a9f6eca8675c0ef83a06c040ac373"
"resources/views/admin/matches/lineups/create.blade.php","455","14689e8d73db99522fa7036b2f8e9d3e057a6e95076d5710ac039fecc9fa8f0e"
"resources/views/admin/matches/lineups/edit.blade.php","474","b5687a50e1b3323a07bd188f30be09adbf381a2bc869d1a50951ec7da36f8559"
"resources/views/admin/matches/lineups/index.blade.php","4420","d7c8e247d5e8853480559fb32e791ee0a116a8cedbbc06aa6f105a49a2764306"
"resources/views/admin/matches/show.blade.php","24013","1ab8679d8fb678449616e1d7ba89811229fb0244fc51c06ab966c7bd1af59070"
"resources/views/admin/matches/statistics/_form.blade.php","3202","67b9f52eda788a90a28114eff0225440b4186c570915f090b4ee697ff352dcde"
"resources/views/admin/matches/statistics/create.blade.php","442","8f4cfdf0c50c69fe5bcd73a933cc97e046185da14fa327763006ced31dcd022b"
"resources/views/admin/matches/statistics/edit.blade.php","488","6e51444abb6ef228d905625893251a2dc21819c5f68aac26670f57fc0865e6f4"
"resources/views/admin/matches/statistics/index.blade.php","2550","66cfcb972138ad21e5029d0c8e201bb5e8d99e02be8ae925f8129e108bdfd017"
"resources/views/admin/media-files/create.blade.php","3434","e6bed978397941ba6a6b11e4b6ce03876bd1a7405a5248bab923b74bf0277b52"
"resources/views/admin/media-files/edit.blade.php","4017","a95ed2914525e2552e77222c53e1de58da3fe493c8a31a9e8124fefd51c1cbed"
"resources/views/admin/media-files/index.blade.php","16373","51f9dacf2dccae64c2232ca490c2214f104723bed7ed124be5a46e7b91c04dd0"
"resources/views/admin/media-files/show.blade.php","13379","6aac2bdfb137b2f0e2875ef9db407e1e7db664a0509053f5ff279caa36050021"
"resources/views/admin/media-readiness/index.blade.php","4907","bd7e211e4ed76c91c23eeda7762cdd53cc43327c8b1f637e230768c286629095"
"resources/views/admin/news-categories/_form.blade.php","2205","fa9ff3048aa0772874afb45ff13b7c50b0345e6264ad82d4998bd177d04c53a8"
"resources/views/admin/news-categories/create.blade.php","385","f0490d5494fb1092c75d206136f3fe60211862cd678959d69285b6f115fb320f"
"resources/views/admin/news-categories/edit.blade.php","425","11be69db8d3b71f6be7212cf334027ed531269f86c96456e6e6e158ab75d1311"
"resources/views/admin/news-categories/index.blade.php","3010","dc5ca339267bfee703ab1eb1735749d55769b07075c6b06bf593eb1b28d3aeb2"
"resources/views/admin/news/_form.blade.php","4710","91c050b79d12bbb6ae4f75e0a4ab07d328a397b542fd804178461dc9d8ffae3a"
"resources/views/admin/news/_form_media.blade.php","3999","8562959a9f6d9ce9fbff3eb913c49911bf437267db15edeb326b27fa32096907"
"resources/views/admin/news/_index-row-actions.blade.php","2131","f45a3958547a87f4516c7bd108235dcbc8e7e19b6e58559b0c014ee5cbbd56a9"
"resources/views/admin/news/_workflow-actions.blade.php","1199","8f2e1337f44ea47c10151fe011e25473a2bb8a33b91e880725ba5629e614d820"
"resources/views/admin/news/create.blade.php","366","8f429f0068dfb7aefce99421a455f4c84340cf0c2b6b84767d9e73691f44443e"
"resources/views/admin/news/edit.blade.php","606","c53e31297511f06df800da6d092dfcaf912ae07d8cfcff794c497abbc0ed5676"
"resources/views/admin/news/index.blade.php","11265","8227cd5dbc529a96d0c9b1300b6ad2738a8f65875aa3be5af980febf8173c53e"
"resources/views/admin/news/show.blade.php","4712","f7d6dda34069a9346bafad48e4014f160349631d98490ad509b62bdbced87fcb"
"resources/views/admin/partials/flash.blade.php","507","c4d7ce0e5b59858a70e10e73e93b804ead87ed36776e30061209e76f8ac45c35"
"resources/views/admin/partials/sidebar.blade.php","11756","039bb3911cb2d6ea930371ea1af4360f39fcdb44ef9fde320a730594e88aea79"
"resources/views/admin/partials/topbar.blade.php","19840","0eb4e9613168495ca5ad58650a1c153a5f8d3d6f4f30637f8ef0fe9cb208a24e"
"resources/views/admin/partners/_form.blade.php","3557","55c37dbb7e33aad7e4751f6c220f744bbc59056eab14d45a9cccce04a93af584"
"resources/views/admin/partners/create.blade.php","353","d222e974aa1430fb5a8b5cbf394c982135bc69b0b23b841388d0436fc628e68b"
"resources/views/admin/partners/edit.blade.php","380","45c7856b7d4940ebdff785d7df2f4bf92b9c8b50d9c8fe3e9214c488a08e6f2c"
"resources/views/admin/partners/index.blade.php","3721","95ee63c14bf5f5524768259dbaa2a8699da4eb5eb143f7a3aea2b7062a38bfef"
"resources/views/admin/players/_form.blade.php","4485","0828dade5c1781a1cf2bdf3ed15eba7182e344d91d6423b3bf336afc40d26134"
"resources/views/admin/players/create.blade.php","315","e11ae3245319c0826a132b3789785973c5a276b18ae85ea7b3f30e4ffc34edee"
"resources/views/admin/players/edit.blade.php","337","2c069566da0603ddf0961c2717b4e004734caedc981e8868754f0398e38f9b2d"
"resources/views/admin/players/index.blade.php","2569","f94a21b46dc8253f32905a8ed78693b0a4d863fdfad331784f88e19e904fecf8"
"resources/views/admin/roles/_form.blade.php","2627","44846ad099507b0bacf4861bdd0fa8fe3530ddd59ba10d8b2fa2508bea08e8d1"
"resources/views/admin/roles/create.blade.php","366","1de3b6174cc88c32284ff35502faeefcb52bf7c0c32e7ba92042ec5a5aa7e2c9"
"resources/views/admin/roles/edit.blade.php","385","6b33c68697fa67d8906c9347443d4ed3f029fc85b5db6f170f30dff00e0307a3"
"resources/views/admin/roles/index.blade.php","2582","9b025c3b47e739f82a9c82966eeff70006e5f6f3d54afdc03767d3f19a679273"
"resources/views/admin/roles/show.blade.php","2082","21f2ae2dc29c65746de8a941f2a2c9a0ad224b1df81f893ace8be1d4f2b11a1a"
"resources/views/admin/settings/edit.blade.php","3587","bc4405d6c6992814b194f4d342ac457c86d9a5b50c81323581abcc47f910d790"
"resources/views/admin/settings/index.blade.php","2914","ffd25608a83daf42b87f2235ed061c181d1b7881a6d33013ba2f7c2519405703"
"resources/views/admin/stadiums/_form.blade.php","3119","9aaf9fdd2da6ab8ae7a693c0aa85b5afaab581b3a9e1958b01a7fd9b223f7fc5"
"resources/views/admin/stadiums/create.blade.php","326","17e70e9d7a79dc59b4b17d508cd7e509fade815957cac43a0c0d5e96362a3678"
"resources/views/admin/stadiums/edit.blade.php","347","534bf4aa8864d68e6ae6a5960042e090a80bc2f8b4c59273b6667766796086f8"
"resources/views/admin/stadiums/index.blade.php","2774","8fc6e602f396d2d1eef32019758745a5e999980f1e4e583d8ba8dd2eb90fd1ec"
"resources/views/admin/teams/_form.blade.php","3600","17d2b99946edd71417496ea6e6050e9161503ec6d8a5a3c23f0e6c0fe1399300"
"resources/views/admin/teams/create.blade.php","315","c5566505796d9342b9e2d8b53531a4bdb1cf58670868feec32173dfc29d5d195"
"resources/views/admin/teams/edit.blade.php","346","d2fba62cbe878a16a5550ace8b4cacbb03fb3fe55b0f557c7d97a80ed99d71c6"
"resources/views/admin/teams/index.blade.php","2206","dafb861a8f463a2de64bf5fe2c9c1721843fedf2da9a1daa546600d3f3e7d0cf"
"resources/views/admin/users/_form_public.blade.php","2867","647f23ae657d29edc650439750de90d5adb208d8eec48115f0ace7ce5feb036b"
"resources/views/admin/users/_form_staff.blade.php","4009","032d575f191d93608fe3ab4c3082adb23e7b6d92b1e0ff444a864a53eff7651f"
"resources/views/admin/users/create.blade.php","496","6ea2d0b11bc581bb5a6a461c9de9710dc0e5ee7cf1d435dfc8d8fea52289c800"
"resources/views/admin/users/edit.blade.php","748","c319e6d9d9c97b64f9467178ff6b20e20bcb2e260f7bdbf54525e3275106b663"
"resources/views/admin/users/index.blade.php","7295","02ecaa1d1d0d54d740abab7d86e4dc7a0edba906d81970ebcbe9a5b03394386d"
"resources/views/admin/users/show.blade.php","3516","d8c44719e79629f2a4c7b05b4f956df5bb16baf447465295d4a1da8b32809f59"
"resources/views/pagination/admin-simple.blade.php","967","62a98233ac709956aad0082315ce8fca180afd3b2fe8396f38eaa76feb82abdb"
"resources/views/pagination/admin.blade.php","1739","f3373dbdc9f91b6884e993fc827a83573d85c7a10d23278ab4054a66f25508d9"
"resources/views/pagination/public.blade.php","1067","89f5d869f5ae4bfe8048a26ffbd0ceb21cb63fe81d2c6757aa5b21af0bc0cccd"
"resources/views/public/account/_nav.blade.php","1698","09cfdede5df3016363c00433d750669df153d092aab406f7c01b2c49424d9d22"
"resources/views/public/account/favorites.blade.php","2104","4317b1a2613c815424061a04133764e75da76efdc0f38fb32e3bb4d3bf75b3c8"
"resources/views/public/account/index.blade.php","6454","63106884d80fc7324cf27e6209b896984b636b548ad93609dcb5211635073e18"
"resources/views/public/account/notifications.blade.php","2457","2207beaf0ce0715cfc52c1590da32c7f4f62239bfdfa35092ee702d0627e227a"
"resources/views/public/account/profile.blade.php","2409","5467154a98374974a62528382f2513fb2f1f9a827e5871d56ecdb4073f2276d2"
"resources/views/public/account/settings.blade.php","3372","0f27ce4ce78761626a182eb7b6829f629a79d75d1d54232de08cfd9a8ac8561c"
"resources/views/public/auth/forgot-password.blade.php","1904","c9b22be8df8dc6c4e0445c0fdb6eb78eb4bc50016e3a7b8d41faea4ff797e63a"
"resources/views/public/auth/login.blade.php","3592","80b52061ec6d419e298547dbf9ed891260cb0a739ffddd95e203551c42cdf2da"
"resources/views/public/auth/register.blade.php","5515","67b9f7e57be207d9fdb88a7413b616a40df43ac68dd266c1b359f403c8c12e63"
"resources/views/public/auth/reset-password.blade.php","2687","d04cfe88eb3ad3618852564bbfa1272dfb54ac36b2d7a2d70938e9dd31c42c38"
"resources/views/public/cities/index.blade.php","4537","02cb622d187c81b11043175f7725e8fa2e6af2e989e7299f655986211f6e61ae"
"resources/views/public/cities/show.blade.php","8669","74dd0d9242aa5e5b9eb430a8d7af2c101e57e78e778038d24636e61d72f7a202"
"resources/views/public/home.blade.php","31957","079bbe41f939bb59cb38e62f9f2148af82907e3512a2f5d52502937bd536b9f0"
"resources/views/public/knockout/index.blade.php","18229","5280527d3fc74943ae8a2c9da6221e411f38192e51786aa397321ffe650ed8c4"
"resources/views/public/layouts/app.blade.php","2242","0f647309904ede6bf4d64b83500644c1470db45d6b398c14dfd91a667aa61386"
"resources/views/public/layouts/interactions.blade.php","7267","b69d181f43efa4755bfe17b32da08964f4bae5756aea54c3c4a15418f4eec2b8"
"resources/views/public/layouts/phase3-batch1-styles.blade.php","376599","77c310c0b63d88dc1b37fca35233faf5b4f41a8a54ccd7579d49733af5dbe0ea"
"resources/views/public/layouts/styles.blade.php","314596","4ffc9a1ed15e41d0c4fa0dcfd1506300f65ac5a9bcd4b2c9967024b1e7e8ae12"
"resources/views/public/legal/privacy.blade.php","5612","69fcf674a79721d110f619c1f79f7c35fdedeceab63e2c248a44c1a6fcc5b274"
"resources/views/public/legal/terms.blade.php","2677","5459982d98f3e925cee93aedec170867c0836da1cce5b74c3b408781eaf1523a"
"resources/views/public/map/index.blade.php","26753","666bdff6d61b829bac1b9de0a0e4d502dcd5e069ec3f5e96c8d36c4a54e0a58f"
"resources/views/public/matches/index.blade.php","5334","d6f5d0a786e32bdbd53c595af9ce26a96cd701297ada5037d28f451089d7fb40"
"resources/views/public/matches/results.blade.php","3511","63b845f46e660298992c91a210121b5adeb9f22b701d6be3d561d4f4a60927fc"
"resources/views/public/matches/show.blade.php","21956","da75694feb41ea66ef6d0077c575d708494cca8aa968e5109b49441c24bdb3de"
"resources/views/public/news/index.blade.php","2185","424f6e22955a871d597d92c7d00a03c970e78a6f6cd47869e49eaf32eb4c4a91"
"resources/views/public/news/show.blade.php","6142","db5f4c99bb968bcdb65feb920a873875374540c5c467b76dad0eeca97f123748"
"resources/views/public/partials/bracket-match-card.blade.php","4552","d0fecf45210e65940dd1b19abe88ecfa82c2e5ff8edc0751aadb9c26b249c37c"
"resources/views/public/partials/empty-state.blade.php","268","7186cc2d3f7f939aa14190974a74e1db9d5b0280ed181fc92f819f0ff52ad69a"
"resources/views/public/partials/flash.blade.php","628","499eae7a2dcea4358e536874a406aa65bd1deb429c644e2067c1f692392186c7"
"resources/views/public/partials/footer.blade.php","6129","e124b43301f68b5666ff0b19e7192b923aa54463648f924bb08537268a140ce2"
"resources/views/public/partials/header.blade.php","14319","cb1a32db2a1632dd0293bcec2dbe3e88578aed542ae61f6792b63a70b08246e7"
"resources/views/public/partials/local-entity-media.blade.php","7585","304a6845bb21dfc4649f293d3621394a6f484adaad95ee2f51505ed252c0dbd7"
"resources/views/public/partials/match-card.blade.php","5572","23485f19e337fb162b9c647c225a1a8d27537f07dcea3dc462501b1fa2692449"
"resources/views/public/partials/news-card.blade.php","2686","2604f0a5a92e7f623f99d63b7cb0f6bf0205c7ce322dd026c42674361f26ec47"
"resources/views/public/partials/page-header.blade.php","563","1fafc5d3c367179690747d5c65486456d6e31ead7ba740476b1c0f2387f68eeb"
"resources/views/public/partials/standings-table.blade.php","3727","edcd8dbb7565e58029fb612213de56ef5f8ff017e1e10f778486c4da00c5dfe4"
"resources/views/public/partners/index.blade.php","7367","923c9a569ddba2d24fa723b18f7307f2a9b737687237370cb99d86c944c9ad7a"
"resources/views/public/players/index.blade.php","5633","7548236271642147101570720ece4dd016490748e8270ff17df86781339a344a"
"resources/views/public/players/show.blade.php","7920","3ca74e068dd819c12799c6c76ce32ef97bb3b590e4a356bebe0cf1eb8d265e29"
"resources/views/public/search/index.blade.php","15975","950a7dde9304003cab99b91a5ed7731b7bd134150d4e94a385299b7f6821a40d"
"resources/views/public/stadiums/index.blade.php","5049","dbc05683ebe04ebec5a731bff7fd424a68ab7d9841c93c3bc87e098b12927934"
"resources/views/public/stadiums/show.blade.php","7161","b88da38e20a1f7481b8c836140156906373a255e29a0b3cda2285572a7e0c160"
"resources/views/public/standings/index.blade.php","3426","a5615087ab3417d2c10c829f9621db64b2612b2d1acf6ae1c6cafeffa4d99c79"
"resources/views/public/standings/show.blade.php","4325","ea96500d944e3bd34e946424b74e9cbd2f4f2ab8bc190523ba543683b8ec33a4"
"resources/views/public/teams/index.blade.php","4640","778047c83d7b71bb48bab9690ce1ecb11a59e452b00b25b0f2ca69d960d64467"
"resources/views/public/teams/show.blade.php","10006","20c94b123ac61c89a0976168b0d0bbaaf27bf78d11d27cdc6b8ff99bf43c590a"
"routes/admin.php","6019","d052b45b866fc68bdcb43dd400393fc6a1af76b06452c1976dd2d8650e52d9c5"
"routes/console.php","210","9adccc33e7dd400683e434774077c7fdb2f299c5712cedf16a43fdf56f2850fa"
"routes/public.php","5063","2540a8f4e81ca5e21c41129cd5dac747db5fdd2fa9593866c9666d60ac11607f"
"routes/web.php","2023","fa557ab70b5a8ba02fd99fbed3f967c205b76293fbca00e95aa7b8e850bf0e5e"
"storage/app/.gitignore","33","993b9e3709d7b5189da331725d1169d79e561a509db2490b722b525073d2d976"
"storage/app/private/.gitignore","14","240a3e0d37d2e86b614063f5347eb02d4f99ca6c254de6b82871ff8d95532a7d"
"storage/app/public/.gitignore","14","240a3e0d37d2e86b614063f5347eb02d4f99ca6c254de6b82871ff8d95532a7d"
"storage/framework/.gitignore","119","2d452d65596636197757afa17df52331c84da7bb74ee0f3462fd5be4eb6afdc6"
"storage/framework/cache/.gitignore","21","32f79194633ddb34f013c6ee8819d112104ff822357adf308ec385b46a7f42f6"
"storage/framework/cache/data/.gitignore","14","240a3e0d37d2e86b614063f5347eb02d4f99ca6c254de6b82871ff8d95532a7d"
"storage/framework/sessions/.gitignore","14","240a3e0d37d2e86b614063f5347eb02d4f99ca6c254de6b82871ff8d95532a7d"
"storage/framework/testing/.gitignore","14","240a3e0d37d2e86b614063f5347eb02d4f99ca6c254de6b82871ff8d95532a7d"
"storage/framework/views/.gitignore","14","240a3e0d37d2e86b614063f5347eb02d4f99ca6c254de6b82871ff8d95532a7d"
"storage/logs/.gitignore","14","240a3e0d37d2e86b614063f5347eb02d4f99ca6c254de6b82871ff8d95532a7d"
"tests/Concerns/BuildsAdminTestData.php","7893","45d4e7ccd8029bc2b86d14443f7bc52df53064d294081cecd228b2ab0c7fd58d"
"tests/Feature/Admin/AdminAccessControlContractTest.php","4722","5ef19b962e2992d82a767bbfc9b67d7215da077bd6ccdd6627158fd0c6bb9d2e"
"tests/Feature/Admin/AdminAuthAccessTest.php","2010","8717d215f232f43f8e618b1796afd5a42b1252e7195d446bcb66b49757150521"
"tests/Feature/Admin/AdminDashboardRoleWidgetContractTest.php","3806","40b6890715b31792a74311362a659755146f237a0bcda7c8a5b5d03a9603b321"
"tests/Feature/Admin/AdminDashboardWidgetVisibilityByRoleTest.php","3468","3fb35040583390557c5aef0347dd1f6f11c9805a6b04f622657a093af4d622dd"
"tests/Feature/Admin/AdminDirectRouteAuthorizationContractTest.php","8294","ec83c7fb914db1bb5c076358dbd5048cb536a037b5df49719a1e9af559064dd4"
"tests/Feature/Admin/AdminMediaReviewCenterTest.php","5333","aa272c1308346be9d243adb39a046d2a8d3af2230d7ae82b604777b97dc8e2d5"
"tests/Feature/Admin/AdminModuleAuthorizationByRoleTest.php","5579","c4bd4e044e228e7a28eee0ef7e9f6ca6ee942bdccb2aae7aa0c3679aa75a9472"
"tests/Feature/Admin/AdminNavigationVisibilityByRoleTest.php","5900","8f76ed94ea7650661f95478279ce6af0d58bfc517156ae5250137963318dc860"
"tests/Feature/Admin/AdminNewsIndexUiTest.php","5219","15f43fa7ae324378c738a49eaf49030f6a46c79597a1eb92520aaa01b0030a74"
"tests/Feature/Admin/AdminNewsJournalistWorkflowTest.php","10907","ed08cc49c739eadf14a5805483d35088078063df86c013481b1ba832398d4877"
"tests/Feature/Admin/AdminNewsMediaUploadTest.php","11458","f37d0eb0eb9c352b872d10404c23f22def60ed7da286d9b9751384ea18c7edbb"
"tests/Feature/Admin/AdminNewsModuleHardeningTest.php","9398","2a9de925c890e4347c4d9ca8ff5675d81dba026910c949b1b1fd7af81d7e16d1"
"tests/Feature/Admin/AdminSidebarVisibilityContractTest.php","6448","70d412c283f205ba4f6588dfa6e0b0016ec77c15cca2c14ed3465ee8f461957e"
"tests/Feature/Admin/AdminTopbarFunctionalityTest.php","4397","8123bbb28314f015f5550dc5c1115887023e7406b937e4fa9acda1c1c0bbd8d0"
"tests/Feature/Admin/AdminUsersFinalHardeningTest.php","13021","d6afbc96b0809ff7fa4001436ddcde2ae415abd0eccd617f2800c948dda3a26c"
"tests/Feature/Admin/AdminUsersStaffPublicSeparationTest.php","12425","3a4c215600177aa8e1e677297a87ddaa66e5834100fa2358c91e486324466a93"
"tests/Feature/Admin/AdminUsersTableUiTest.php","4355","a3864657b8605dd2eb203c2e7dbdb245428d6d44e5a4380e73ae768394e63a5f"
"tests/Feature/Admin/AuditLogsAdminModuleTest.php","5988","16b9bdf4006700684274d03ccf1453e29df39c0ec1b2134b3d56fc66cb28e279"
"tests/Feature/Admin/CompetitionLogicHardeningTest.php","9054","dbb62d191c33dc589faaefc5dbe848c19f50d36020192136601d19d669df5563"
"tests/Feature/Admin/CompetitionOperationsRegressionTest.php","5995","ae982346b96746ec35388dc9ecf6670d6c7588fd6bf6ad261b9981d11547a074"
"tests/Feature/Admin/Concerns/InteractsWithDemoAccessContract.php","1151","3b28e6688659f60b73cbcd00e95826634fdae62d5b197c355f7b6fecbae7c569"
"tests/Feature/Admin/DashboardLayoutTest.php","3362","ea8577ca27db310be509bb60970b744cda6192959a3f42bf2eff1f4fb2e7ef99"
"tests/Feature/Admin/DemoAccessControlSeederTest.php","2298","2ccfbcf825f9edd01fe8cbc692697610452582d7fe5dd64a40237e1603882b9a"
"tests/Feature/Admin/FootballDataDashboardConsistencyTest.php","5300","19aee309120502ac8a38de91daa5e529b21838c09a3ec1808acecac015e6939b"
"tests/Feature/Admin/FootballDataDryRunImportTest.php","6906","d1aa7badb1b345795d1f45903e65edae9cd992a0420d322e32539328e510eebd"
"tests/Feature/Admin/FootballDataImportIdempotencyTest.php","6945","f3e257f73ac2391e4281a68be49c1db0f331ee8a20f4f331f08fcf90b3735667"
"tests/Feature/Admin/FootballDataMatchRefreshTest.php","5828","fe1aa1a53aef68588a5ea61fbca475f7eb9255c5082ee4366e4a3e338341e0d3"
"tests/Feature/Admin/FootballDataMoroccoVenueMappingTest.php","5299","2189b0cb45703e040bffd9aeec249480d66748325d2dc1350d14be5e94f0808a"
"tests/Feature/Admin/FootballDataRealImportTest.php","11352","8ff36453f6c4da805dc5501abb3aef2e0946ac0f989ee0a692c6e7ad53a0614d"
"tests/Feature/Admin/FootballDataReconciliationTest.php","13120","b041ab024ce54bb1f9cf781804157469ad1db51c4c1d91cb26d8b332d5ef09f6"
"tests/Feature/Admin/FootballDataSquadDryRunTest.php","10516","1a34ed1e4afa648cf0ec5c33abec13c973f7d33421ee177663505ee99303c806"
"tests/Feature/Admin/FootballDataSquadImportIdempotencyTest.php","9365","55e5130d7389d10ae8d44d9b5ef354cfd8b350abe8aa6fa40f19a5c7c446bf5a"
"tests/Feature/Admin/FootballDataSquadImportTest.php","18850","d83ee7ec3c01c175e36dd7381376ad9ecb92da7a44820f0a8a49c3bed266a593"
"tests/Feature/Admin/FootballDataStructureReconciliationTest.php","10265","5db2315223a2c5618bfb8ca34c821ce68de81f8fadde0bb0e818d03e9ab562bf"
"tests/Feature/Admin/FootballDataTeamReconciliationTest.php","13463","1d9024f6f27f5a769bcde10a4c0aa2f0fcb2a4db9991bfc710b67240f937d00a"
"tests/Feature/Admin/GroupAuthorizationTest.php","4638","7faeacb5b1a6618b8ccbf64134554f248820a0c7bd9484fcc6d4b33840f7942f"
"tests/Feature/Admin/MatchCrudFlowTest.php","3257","712740ae38a97469b949d489b0ce3817747bcc88ac4349e2ccc81d76be433d51"
"tests/Feature/Admin/MatchEventFlowTest.php","4433","4371704049bc0237bb1ae9188184fded7b2981294f1aadc912951e373607c903"
"tests/Feature/Admin/MatchLineupFlowTest.php","4851","06042cde38ef1f354864994019b8cc62c8d6aa4e9ec76223ec2e4b8521336559"
"tests/Feature/Admin/MatchOperationsTest.php","11823","a422ea03a530f1b1d4e3a6c18f27909bb97af3b3541618945d68a380f83d2f5f"
"tests/Feature/Admin/MatchStatisticFlowTest.php","4627","32874217dc100083ed2272c4bc726a7e518cb70b79c76a290bc8b7603759676e"
"tests/Feature/Admin/MediaArchiveRestoreWorkflowTest.php","7960","c6a02d918cd66b297058df1531d77767707721e878654c70b08a75835a72bab8"
"tests/Feature/Admin/MediaFileAttachWorkflowTest.php","10360","a60ba8fbfd6cba3acd6c7c1f4bfeec9bc256b7f6d3bb95f7e586ba439cc98288"
"tests/Feature/Admin/MediaFileUploadMvpTest.php","7379","3b16caeba1f7eba1fab703be80464edb54d2a60df757c1eab522758cd1d82940"
"tests/Feature/Admin/MediaFilesReadOnlyAdminTest.php","5996","7d5a6471861c629c9ca2192064c7653a3684e1b54991065bbe2729e07a6194d1"
"tests/Feature/Admin/MediaManagerMediaReviewTest.php","3397","0db771c3586d98795d8671ffafec30df29adf7d05ec614fcfa3a8ab4f3e09f77"
"tests/Feature/Admin/MediaMetadataEditWorkflowTest.php","9762","6ffc83be3f228e0f0c234e2c706f9ea6ce43070611ec1097897c776b96b14a8d"
"tests/Feature/Admin/MediaReadinessAdminModuleTest.php","2741","d4cd50cc69cb9ebb37d74351acd920c38923d13780d04eb53a1fc59a29ef2d6c"
"tests/Feature/Admin/MediaRelationDetachWorkflowTest.php","7352","f879e6992c5d02592c58c079abe4d9c54474f54e4ac3c5b45a2349b242781ac2"
"tests/Feature/Admin/MediaReviewContextualAssetsTest.php","6158","c8fd0948bb15ffc18fa353a31cc40c5e4fabd4108ee5adf2f4ac2f9b46ffc924"
"tests/Feature/Admin/NewsCategoryReadinessTest.php","1801","37d2f5b521bf2791b49e2d22b9e37ef9f35679e484809651dc2e433dc1fb9425"
"tests/Feature/Admin/NewsPublishingWorkflowTest.php","2784","4b9f6f4d3a76ef8e6310e456201d933d5f9d6e3f5c72f2d538715568ca9e9ed5"
"tests/Feature/Admin/NewsWorkflowTransitionsTest.php","6204","c18937356e5b446eae6fc7e0c375c637bbcf453b2771476532946dc06d48e3e9"
"tests/Feature/Admin/SecurityBaselineTest.php","2054","a32b02055399ccdfaac6e1852e771aa30fcba61780cb689cdc6a77229b7f0b92"
"tests/Feature/Admin/SettingsContactAdminModulesTest.php","6340","ee3d1c9de5bc239974e28604f6bb7b2924bb33b56fd8359c65d0783ec5ec3fb6"
"tests/Feature/Admin/SponsorManagerPartnersTest.php","7506","9fa65c2cb757286aa56c1508e5ff74433d2519c00466187c6fef8d2f9fd9a9af"
"tests/Feature/Admin/StrictRoleVisibilityMatrixTest.php","9703","6c3d85724f094637b3088ba7ac38eda9813974b0ba6ba6031d93750e490094f8"
"tests/Feature/Admin/TeamCrudFlowTest.php","2306","f29e88aa38ed1766a0dfc367ad6cde1b7f66be89af66217f76ee92a5509ffd3e"
"tests/Feature/Admin/TranslationAdminModulesTest.php","8501","8e681a2e00f71b80c52b5a7e78323393c5a65d2b9ed0fa3450f9147f04493265"
"tests/Feature/Admin/VenueManagerCitiesTest.php","5012","cc2c986c61b2fd7d53bddc665b1e0da5beadf0c2f83129ede950e79b33003692"
"tests/Feature/Admin/VenueManagerDashboardTest.php","2639","a887193ebba3ff7c67c5bdcf48f83cfa994416c9e79f3866d4e8db4707a3bc06"
"tests/Feature/Admin/VenueManagerMediaReviewTest.php","4825","1cad09a2aa774772bafcbe9ffd9e2d5992b6e2d741ee799aa6ad3dff2764ca91"
"tests/Feature/Admin/VenueManagerStadiumsTest.php","6475","8542c8e31011bb0a8b5cc796a2e60ca3991ddf4c908e6bf4609d1549b7c6bdea"
"tests/Feature/Auth/DemoBrowserLoginFlowTest.php","3637","cfd9d80ff346a10bdc4096bb918a456bf17efae7cf3eb185d9409d5bc69d8b27"
"tests/Feature/Auth/PublicUserAccountAccessTest.php","1185","3a6bdab28d032c1ab4fd97609f6c9acc94cdbb9aa5ba56a13e28b6b9c943dcac"
"tests/Feature/Console/RetentionReportCommandTest.php","7350","5ee48187ec7fb81b84f535d6e57460b2c4f4d0fcc43940971d2bcca70d9de645"
"tests/Feature/ExampleTest.php","336","d8135fb752d32af69f7cb5575cd6eb928aa4869fbd8f3e0fa829f809070dbd30"
"tests/Feature/NewsMediaArrayRenderingTest.php","3846","e68e1764c5791d9cbe7fe0622b32040eb264509cd3f941e193befa699bd9b04e"
"tests/Feature/Public/LocalAssetGroundworkTest.php","2356","e58f147b112a1efdab6ac23b23cd497236a60f4f5af4772fb871354ba5fe86de"
"tests/Feature/Public/PublicAccountPageTest.php","3135","6c384be926dfa48f03941a0a208ae76bafe5c3c495af3e00c45ab10acfde1034"
"tests/Feature/Public/PublicFrontendPagesTest.php","20604","a51b6712adc4c44e2ecfcff5a58b884cda214a2317534b4d5d799bbaf2246462"
"tests/Feature/Public/PublicLayoutOverlapTest.php","4386","9023bc3c7090e7e73e7a3a3f97ff883d1c6d1b628940cf8bdd810d82e18ac77f"
"tests/Feature/Public/PublicLegalPagesTest.php","1642","a69ad03a3d26ab88df6ec6fcb67a188af97d618b644b563d9af3f44d758a0292"
"tests/Feature/Public/PublicMultilingualCompletionTest.php","8953","96e1bdbff69bdcc6a0b51f9e4727fadc8220fbd306b7c0f3cdf34f9085b5fc88"
"tests/Feature/Public/PublicSearchMapLocaleTest.php","5643","2b970d66f4527a65bd9c7a12148d6507af9e4085291d458893e68f97dd97bcea"
"tests/Feature/Public/PublicStaffAuthSplitTest.php","7647","d514905a91d71498f69788b73e5b9303b9b13283e7b50a948d2b61353b2e8604"
"tests/Feature/Public/PublicationSecurityHardeningTest.php","1090","dbfb71bad79921ed5313cd03a32e357d07027aaf77950e22f049b41403848496"
"tests/Feature/Public/ShowcaseTournamentSeederTest.php","4785","faab67a11215a9bc235b8746337943b0ca1a3cd35b16eee3d02a4f0683754308"
"tests/Feature/Public/VisitorAnalyticsTrackingTest.php","3357","15991864da9d0212e27d685a173a467260dec3187d7a27137e664a7ae4cd25ce"
"tests/Feature/Release/FinalEngineeringSmokeTest.php","14183","541557166ad00eee6457502e4b079917cdd6248867b0ddfc1b65d7aadb6d4e72"
"tests/Feature/Release/FooterOwnershipTest.php","1181","351219c2830ca525aeed9dc45c2183c14e123a1645f6474fd8458cc99eb98641"
"tests/Feature/Site/FootballDataMatchRefreshPublicTest.php","5670","9991eb623994d13b9721edf391990795052d82e74ee4f009de3e4bd50b36b0c3"
"tests/Feature/Site/FootballDataMultiGroupStandingsTest.php","7804","3750cff06d67043c0bf91188001a497ee6bb3fc4edfbba70f30843d6765ee56a"
"tests/Feature/Site/FootballDataPlayerTeamDisplayTest.php","12413","c466e4330b0e996498193e3b42888dc15392221b89c87b970e49c44b9d87b160"
"tests/Feature/Site/FootballDataPublicConsistencyTest.php","8630","4e686f8eda8efc7ebbd9a1dd35f611d7db8218e79c435187c630b3ddecc59987"
"tests/Feature/Site/FootballDataStandingsConsistencyTest.php","5315","70b64beedb6247b8fbc69262268024bb3a85e21bbba715d43c63dbd4665edd07"
"tests/Feature/Site/PublicNewsVisibilityTest.php","2348","b9f583d61e3f93be3bb33ee1b6e6baab7abf2e7aed8ccc6312cea958c579b614"
"tests/Feature/Site/PublicPartnerLogoDisplayTest.php","6008","239dc3fb8715beec55f8a7de7fe5397fbb4b186fd99be8c8e33ba74959b43159"
"tests/Feature/Site/PublicPartnersVisibilityTest.php","3386","85218b2e4068d117342d76f72c715014749b53696e9f1545cec9ee3199780735"
"tests/TestCase.php","285","c0de8ebcba2e42c87c94cd878c0f9d7a347cf953464f217579d2d53ae3a11ad3"
"tests/Unit/ExampleTest.php","243","ffacae5c1a2a44c809420af5b3b404910da1b12167d58764dac6d10b8ba8cfaf"
"tests/Unit/FootballDataSquadPayloadCollectorTest.php","9357","29ed7aa991761c10b191e320b14cc422bc0f47e8517f040cfdb42b9a6fc68e1b"
"vite.config.js","436","b981a284135bcb7da21ea5e1aaa2dc31c8daeef92d9b4e5c79538bdb8dfaf6f0"
